Season,Actual,Predicted,Top_1,Top_2,Top_3,Top_1_Correct,In_Top_3
2007,Troy Murphy,Troy Murphy,Sarunas Jasikevicius,Trenton Hassell,Troy Murphy,True,True
2007,Chuck Hayes,Quinton Ross,Troy Hudson,Shane Battier,Quinton Ross,False,False
2007,Brent Barry,Tim Thomas,Trevor Ariza,Trenton Hassell,Tim Thomas,False,False
2007,Craig Smith,Trenton Hassell,Steven Hunter,Troy Hudson,Trenton Hassell,False,False
2007,Stromile Swift,Stromile Swift,Scott Padgett,Rudy Gay,Stromile Swift,True,True
2007,Charlie Bell,Trenton Hassell,Tyson Chandler,Smush Parker,Trenton Hassell,False,False
2007,Dwyane Wade,Michael Doleac,Trevor Ariza,Troy Hudson,Michael Doleac,False,False
2007,Anderson Varejao,Tyronn Lue,Shannon Brown,Steve Blake,Tyronn Lue,False,False
2007,Mickael Pietrus,Mickael Pietrus,Mike Miller,Matt Barnes,Mickael Pietrus,True,True
2007,Yakhouba Diawara,Yakhouba Diawara,Reggie Evans,Willie Green,Yakhouba Diawara,True,True
2007,Damon Stoudamire,Kyle Lowry,Trenton Hassell,Vassilis Spanoulis,Kyle Lowry,False,False
2007,Carlos Boozer,Mehmet Okur,Matt Harpring,T.J. Ford,Mehmet Okur,False,False
2007,Paul Millsap,Paul Millsap,Rasho Nesterovic,Ronnie Brewer,Paul Millsap,True,True
2007,Ime Udoka,Tyronn Lue,Trevor Ariza,Travis Outlaw,Tyronn Lue,False,False
2007,Michael Doleac,Michael Doleac,Vitaly Potapenko,Michael Finley,Michael Doleac,True,True
2007,Dwight Howard,Ricky Davis,Tim Duncan,Trevor Ariza,Ricky Davis,False,False
2007,Antoine Walker,Jason Williams,Troy Hudson,Trevor Ariza,Jason Williams,False,False
2007,Quentin Richardson,Quentin Richardson,Smush Parker,Sasha Vujacic,Quentin Richardson,True,True
2007,Renaldo Balkman,Renaldo Balkman,Lou Amundson,James Lang,Renaldo Balkman,True,True
2007,J.R. Smith,Nene Hilario,Troy Hudson,Vassilis Spanoulis,Nene Hilario,False,False
2007,Allen Iverson,Tyson Chandler,Trevor Ariza,Tim Duncan,Tyson Chandler,False,False
2007,Maurice Evans,Ricky Davis,Maurice Evans,Shammond Williams,Ricky Davis,False,True
2007,Stephon Marbury,Stephon Marbury,Rudy Gay,Gordan Giricek,Stephon Marbury,True,True
2007,Matt Barnes,Mickael Pietrus,Francisco Elson,Matt Barnes,Mickael Pietrus,False,True
2007,Martell Webster,Martell Webster,Sergio Rodriguez,Mike Bibby,Martell Webster,True,True
2007,Chris Webber,Ronald Murray,Tyronn Lue,Steven Hunter,Ronald Murray,False,False
2007,Damon Jones,Willie Green,Trevor Ariza,Steve Blake,Willie Green,False,False
2007,Antawn Jamison,Jarvis Hayes,Tim Thomas,T.J. Ford,Jarvis Hayes,False,False
2007,Luther Head,Trevor Ariza,Rudy Gay,Luther Head,Trevor Ariza,False,True
2007,Antonio McDyess,Ronald Murray,Linas Kleiza,Steven Hunter,Ronald Murray,False,False
2007,Ronnie Price,Ronnie Price,Leon Powe,Robert Hite,Ronnie Price,True,True
2007,Matt Harpring,Matt Harpring,Rasho Nesterovic,Paul Millsap,Matt Harpring,True,True
2007,Antawn Jamison,Jarvis Hayes,Tim Thomas,T.J. Ford,Jarvis Hayes,False,False
2007,Mike Miller,Mike Miller,Shane Battier,Kyle Lowry,Mike Miller,True,True
2007,Luol Deng,Luol Deng,Marcus Camby,Trevor Ariza,Luol Deng,True,True
2007,Trenton Hassell,Trenton Hassell,Rashad McCants,Vitaly Potapenko,Trenton Hassell,True,True
2007,Juwan Howard,Tracy McGrady,Trenton Hassell,Mickael Pietrus,Tracy McGrady,False,False
2007,Antoine Walker,Trenton Hassell,Trevor Ariza,Michael Doleac,Trenton Hassell,False,False
2007,Charlie Bell,Mo Williams,Tyson Chandler,Tim Thomas,Mo Williams,False,False
2007,LaMarcus Aldridge,LaMarcus Aldridge,Sergio Rodriguez,Martell Webster,LaMarcus Aldridge,True,True
2007,Zydrunas Ilgauskas,Zydrunas Ilgauskas,Zaza Pachulia,Willie Green,Zydrunas Ilgauskas,True,True
2007,P.J. Brown,P.J. Brown,Sasha Pavlovic,Thabo Sefolosha,P.J. Brown,True,True
2007,Smush Parker,Smush Parker,Sasha Vujacic,Shammond Williams,Smush Parker,True,True
2007,Udonis Haslem,Udonis Haslem,Trevor Ariza,Trenton Hassell,Udonis Haslem,True,True
2007,Carlos Arroyo,Trenton Hassell,Tyronn Lue,Tyson Chandler,Trenton Hassell,False,False
2007,Deron Williams,Mehmet Okur,Ronnie Brewer,T.J. Ford,Mehmet Okur,False,False
2007,Baron Davis,Shawn Marion,Tracy McGrady,Troy Hudson,Shawn Marion,False,False
2007,Allen Iverson,Tyson Chandler,Trevor Ariza,Tim Duncan,Tyson Chandler,False,False
2007,Kobe Bryant,Ricky Davis,Tim Duncan,Kyle Korver,Ricky Davis,False,False
2007,Stephon Marbury,Stephon Marbury,Stephen Jackson,Ricky Davis,Stephon Marbury,True,True
2007,Eddy Curry,Tim Thomas,Tyson Chandler,Stephen Jackson,Tim Thomas,False,False
2007,Brian Skinner,Trenton Hassell,Smush Parker,Troy Hudson,Trenton Hassell,False,False
2007,Anthony Parker,T.J. Ford,Juan Dixon,Tim Thomas,T.J. Ford,False,False
2007,Charlie Bell,Trenton Hassell,Smush Parker,Tyson Chandler,Trenton Hassell,False,False
2007,Mickael Pietrus,Mickael Pietrus,Dirk Nowitzki,Mo Williams,Mickael Pietrus,True,True
2007,Jared Jeffries,Sam Cassell,Trevor Ariza,Shaun Livingston,Sam Cassell,False,False
2007,Jamal Sampson,Reggie Evans,Steve Novak,Steven Hunter,Reggie Evans,False,False
2007,Sebastian Telfair,Sebastian Telfair,Paul Pierce,Trenton Hassell,Sebastian Telfair,True,True
2007,Marcus Camby,Marcus Camby,Rudy Gay,Ricky Davis,Marcus Camby,True,True
2007,Francisco Garcia,Shareef Abdur-Rahim,Ronnie Price,Travis Outlaw,Shareef Abdur-Rahim,False,False
2007,Gilbert Arenas,Gilbert Arenas,Mehmet Okur,Jarvis Hayes,Gilbert Arenas,True,True
2007,Manu Ginobili,Manu Ginobili,Robert Horry,Michael Finley,Manu Ginobili,True,True
2007,Steve Nash,Steve Nash,Shawn Marion,P.J. Brown,Steve Nash,True,True
2007,Caron Butler,Jarvis Hayes,Mo Williams,T.J. Ford,Jarvis Hayes,False,False
2007,Ben Gordon,Tyrus Thomas,Thabo Sefolosha,Mike Miller,Tyrus Thomas,False,False
2007,Carlos Delfino,Ronald Murray,Tyson Chandler,Tyronn Lue,Ronald Murray,False,False
2007,David Noel,Tim Thomas,Trevor Ariza,Tyronn Lue,Tim Thomas,False,False
2007,Jake Tsakalidis,Lawrence Roberts,Uros Slokar,Vassilis Spanoulis,Lawrence Roberts,False,False
2007,Amar'e Stoudemire,Tyrus Thomas,Luther Head,Thabo Sefolosha,Tyrus Thomas,False,False
2007,Sam Cassell,Sam Cassell,Scott Padgett,Tim Thomas,Sam Cassell,True,True
2007,Shaun Livingston,Shaun Livingston,Tim Thomas,Sam Cassell,Shaun Livingston,True,True
2007,Gordan Giricek,Ricky Davis,Jarron Collins,Matt Harpring,Ricky Davis,False,False
2007,Mike Sweetney,Tony Parker,Sasha Vujacic,Mike Sweetney,Tony Parker,False,True
2007,Stephen Jackson,Stephen Jackson,Sarunas Jasikevicius,Rudy Gay,Stephen Jackson,True,True
2007,Shammond Williams,Shammond Williams,Royal Ivey,Sarunas Jasikevicius,Shammond Williams,True,True
2007,Earl Boykins,Linas Kleiza,Udonis Haslem,Joe Smith,Linas Kleiza,False,False
2007,Nate Robinson,Nate Robinson,Quentin Richardson,Mardy Collins,Nate Robinson,True,True
2007,Steve Francis,Steve Francis,Julius Hodge,Renaldo Balkman,Steve Francis,True,True
2007,Josh Smith,Marvin Williams,Salim Stoudamire,Ryan Gomes,Marvin Williams,False,False
2007,Charlie Villanueva,Troy Hudson,Tyronn Lue,Trenton Hassell,Troy Hudson,False,False
2007,Rajon Rondo,Rajon Rondo,Paul Pierce,Sebastian Telfair,Rajon Rondo,True,True
2007,Lorenzen Wright,Speedy Claxton,Tyronn Lue,Solomon Jones,Speedy Claxton,False,False
2007,Danny Granger,Mike Miller,Rafer Alston,Tyson Chandler,Mike Miller,False,False
2007,Ben Gordon,Tyrus Thomas,Tim Thomas,Thabo Sefolosha,Tyrus Thomas,False,False
2007,Eric Snow,Sasha Pavlovic,Mike Bibby,Eric Snow,Sasha Pavlovic,False,True
2007,Gerald Green,Wally Szczerbiak,Tony Allen,Paul Pierce,Wally Szczerbiak,False,False
2007,David Lee,Tyronn Lue,Steven Hunter,Trenton Hassell,Tyronn Lue,False,False
2007,Juan Dixon,Ricky Davis,Martell Webster,Juan Dixon,Ricky Davis,False,True
2007,Shaquille O'Neal,Shaquille O'Neal,Francisco Elson,Michael Doleac,Shaquille O'Neal,True,True
2007,Jordan Farmar,Tyronn Lue,Shammond Williams,Troy Hudson,Tyronn Lue,False,False
2007,Luol Deng,Luol Deng,Mike Miller,Marcus Camby,Luol Deng,True,True
2007,Ricky Davis,Ricky Davis,Stephen Graham,Leon Powe,Ricky Davis,True,True
2007,Andris Biedrins,Monta Ellis,Tyson Chandler,Mickael Pietrus,Monta Ellis,False,False
2007,Samuel Dalembert,Samuel Dalembert,Kyle Korver,Kobe Bryant,Samuel Dalembert,True,True
2007,P.J. Brown,P.J. Brown,Sasha Pavlovic,Trevor Ariza,P.J. Brown,True,True
2007,Matt Barnes,Mo Williams,Mike Miller,Matt Barnes,Mo Williams,False,True
2007,Chris Duhon,P.J. Brown,Thabo Sefolosha,Tyrus Thomas,P.J. Brown,False,False
2007,Randy Foye,Trenton Hassell,Rashad McCants,Randy Foye,Trenton Hassell,False,True
2007,Matt Harpring,Matt Harpring,Paul Millsap,Juan Dixon,Matt Harpring,True,True
2007,Stephen Jackson,Stephen Jackson,Rudy Gay,James Posey,Stephen Jackson,True,True
2008,Tyrus Thomas,Tyrus Thomas,Travis Diener,Viktor Khryapa,Tyrus Thomas,True,True
2008,Derek Fisher,Luke Walton,Trevor Ariza,Morris Almond,Luke Walton,False,False
2008,Desmond Mason,Gilbert Arenas,Dwayne Jones,Michael Finley,Gilbert Arenas,False,False
2008,Kenyon Martin,Kenyon Martin,LaMarcus Aldridge,Linas Kleiza,Kenyon Martin,True,True
2008,Amar'e Stoudemire,Kyle Lowry,Troy Murphy,Shawn Marion,Kyle Lowry,False,False
2008,LaMarcus Aldridge,Travis Outlaw,LaMarcus Aldridge,Samuel Dalembert,Travis Outlaw,False,True
2008,Andrei Kirilenko,T.J. Ford,Ronnie Price,Tracy McGrady,T.J. Ford,False,False
2008,Nene Hilario,Nene Hilario,Steven Hunter,Reggie Evans,Nene Hilario,True,True
2008,Drew Gooden,Drew Gooden,Jeff McInnis,Eddie Jones,Drew Gooden,True,True
2008,Jorge Garbajosa,T.J. Ford,Steve Novak,Rasho Nesterovic,T.J. Ford,False,False
2008,Antonio McDyess,Tracy McGrady,Richard Hamilton,Tayshaun Prince,Tracy McGrady,False,False
2008,Monta Ellis,Monta Ellis,Ricky Davis,Stephen Jackson,Monta Ellis,True,True
2008,Steve Blake,Troy Murphy,Viktor Khryapa,Steve Blake,Troy Murphy,False,True
2008,DeShawn Stevenson,DeShawn Stevenson,Gilbert Arenas,Caron Butler,DeShawn Stevenson,True,True
2008,Andre Miller,Rudy Gay,Thaddeus Young,Samuel Dalembert,Rudy Gay,False,False
2008,Luol Deng,Luol Deng,Martell Webster,LaMarcus Aldridge,Luol Deng,True,True
2008,Jamal Crawford,Mike Dunleavy,Quentin Richardson,Nate Robinson,Mike Dunleavy,False,False
2008,Jason Kidd,Malik Allen,Cuttino Mobley,Jason Kidd,Malik Allen,False,True
2008,Ray Allen,Ray Allen,Rajon Rondo,James Posey,Ray Allen,True,True
2008,Lindsey Hunter,Lindsey Hunter,Rasheed Wallace,Zaza Pachulia,Lindsey Hunter,True,True
2008,LaMarcus Aldridge,Travis Outlaw,Martell Webster,Steve Blake,Travis Outlaw,False,False
2008,Jared Jeffries,Willie Green,Travis Outlaw,Travis Diener,Willie Green,False,False
2008,DeShawn Stevenson,DeShawn Stevenson,Dominic McGuire,Darius Songaila,DeShawn Stevenson,True,True
2008,Mark Blount,Mark Blount,Luke Walton,Shawn Marion,Mark Blount,True,True
2008,Eduardo Najera,Willie Green,Reggie Evans,Nene Hilario,Willie Green,False,False
2008,Francisco Garcia,Travis Outlaw,Travis Diener,Sebastian Telfair,Travis Outlaw,False,False
2008,Willie Green,Willie Green,Thaddeus Young,Walter Herrmann,Willie Green,True,True
2008,Josh Smith,Lorenzen Wright,Marcus Camby,Kirk Hinrich,Lorenzen Wright,False,False
2008,Martell Webster,Martell Webster,Quentin Richardson,Nate Robinson,Martell Webster,True,True
2008,Devin Brown,Sasha Pavlovic,Troy Murphy,Tyronn Lue,Sasha Pavlovic,False,False
2008,Oleksiy Pecherov,Oleksiy Pecherov,Gilbert Arenas,Nick Young,Oleksiy Pecherov,True,True
2008,Grant Hill,Shaquille O'Neal,Tyronn Lue,Dwyane Wade,Shaquille O'Neal,False,False
2008,Gordan Giricek,Michael Finley,James Augustine,Jarron Collins,Michael Finley,False,False
2008,Paul Millsap,Paul Millsap,Jarron Collins,Matt Harpring,Paul Millsap,True,True
2008,Tony Parker,Tony Parker,Tim Duncan,Michael Finley,Tony Parker,True,True
2008,Rudy Gay,Rudy Gay,Leandro Barbosa,Jason Kidd,Rudy Gay,True,True
2008,Joel Anthony,Joel Anthony,Kasib Powell,Kareem Rush,Joel Anthony,True,True
2008,Kirk Hinrich,Kirk Hinrich,Larry Hughes,Luol Deng,Kirk Hinrich,True,True
2008,Chris Bosh,T.J. Ford,Rasho Nesterovic,Shawn Marion,T.J. Ford,False,False
2008,Beno Udrih,Tyronn Lue,Tyrus Thomas,Shelden Williams,Tyronn Lue,False,False
2008,Randy Foye,Randy Foye,Luke Walton,Sebastian Telfair,Randy Foye,True,True
2008,Mike Dunleavy,Mike Dunleavy,Jason Terry,Samuel Dalembert,Mike Dunleavy,True,True
2008,Tracy McGrady,Tracy McGrady,Ryan Gomes,Steve Novak,Tracy McGrady,True,True
2008,Anderson Varejao,Sasha Pavlovic,Luke Walton,Travis Diener,Sasha Pavlovic,False,False
2008,Joel Anthony,Joel Anthony,Sasha Pavlovic,Shawn Marion,Joel Anthony,True,True
2008,Juan Carlos Navarro,Martell Webster,Keyon Dooling,Mike Miller,Martell Webster,False,False
2008,Boris Diaw,Kevin Durant,Tyronn Lue,Raja Bell,Kevin Durant,False,False
2008,Jason Williams,Jerry Stackhouse,Kevin Martin,Shawn Marion,Jerry Stackhouse,False,False
2008,Rashad McCants,Rashad McCants,Orien Greene,Sebastian Telfair,Rashad McCants,True,True
2008,Daequan Cook,Willie Green,Udonis Haslem,Stephane Lasme,Willie Green,False,False
2008,Francisco Garcia,Willie Green,Tyronn Lue,Samuel Dalembert,Willie Green,False,False
2008,Baron Davis,Stephen Jackson,Leandro Barbosa,Monta Ellis,Stephen Jackson,False,False
2008,Michael Redd,Michael Redd,Linas Kleiza,Mo Williams,Michael Redd,True,True
2008,Michael Finley,Michael Finley,Mike Dunleavy,Matt Bonner,Michael Finley,True,True
2008,Ime Udoka,Tony Parker,Robert Horry,Viktor Khryapa,Tony Parker,False,False
2008,Monta Ellis,Monta Ellis,Ricky Davis,Stephen Jackson,Monta Ellis,True,True
2008,Corey Brewer,Willie Green,Travis Diener,Thaddeus Young,Willie Green,False,False
2008,Jason Terry,Jason Terry,Lamar Odom,Jerry Stackhouse,Jason Terry,True,True
2008,Anthony Parker,T.J. Ford,Rasho Nesterovic,Willie Green,T.J. Ford,False,False
2008,Rashad McCants,Rashad McCants,Leandro Barbosa,Orien Greene,Rashad McCants,True,True
2008,Sasha Pavlovic,Sasha Pavlovic,James Posey,Royal Ivey,Sasha Pavlovic,True,True
2008,Steve Nash,Steve Nash,Shaquille O'Neal,Mo Williams,Steve Nash,True,True
2008,Kyle Lowry,Kyle Lowry,Pau Gasol,Mike Miller,Kyle Lowry,True,True
2008,Antonio McDyess,Tracy McGrady,Richard Hamilton,Tayshaun Prince,Tracy McGrady,False,False
2008,Rasho Nesterovic,Rasho Nesterovic,Jason Kapono,Kris Humphries,Rasho Nesterovic,True,True
2008,Keith Bogans,Keith Bogans,Quentin Richardson,LaMarcus Aldridge,Keith Bogans,True,True
2008,Francisco Garcia,Travis Diener,Shelden Williams,Shawn Marion,Travis Diener,False,False
2008,Kelenna Azubuike,Stephen Jackson,Luke Walton,Matt Barnes,Stephen Jackson,False,False
2008,Bruce Bowen,Tony Parker,Michael Finley,Travis Outlaw,Tony Parker,False,False
2008,Jason Kapono,Jason Kapono,Rasho Nesterovic,Kris Humphries,Jason Kapono,True,True
2008,Carlos Arroyo,Willie Green,Travis Outlaw,Tyronn Lue,Willie Green,False,False
2008,Mike Miller,Mike Miller,Jake Voskuhl,Ryan Gomes,Mike Miller,True,True
2008,Travis Diener,Travis Diener,Ronald Murray,Steve Blake,Travis Diener,True,True
2008,Jason Williams,Jason Williams,Joel Anthony,Jerry Stackhouse,Jason Williams,True,True
2008,Antonio McDyess,Tracy McGrady,Richard Hamilton,Tayshaun Prince,Tracy McGrady,False,False
2008,Steve Blake,Steve Blake,Martell Webster,Quentin Richardson,Steve Blake,True,True
2008,Josh Smith,Lou Williams,Kirk Hinrich,Samuel Dalembert,Lou Williams,False,False
2008,Tim Thomas,Tim Thomas,Paul Davis,Quinton Ross,Tim Thomas,True,True
2008,Eddie House,Tyrus Thomas,Rajon Rondo,Willie Green,Tyrus Thomas,False,False
2008,Jason Hart,Matt Harpring,Mehmet Okur,Luke Walton,Matt Harpring,False,False
2008,Francisco Elson,Trenton Hassell,Matt Bonner,Smush Parker,Trenton Hassell,False,False
2008,Kobe Bryant,Willie Green,Samuel Dalembert,Jason Terry,Willie Green,False,False
2008,Chris Kaman,John Salmons,Joel Przybilla,Travis Diener,John Salmons,False,False
2008,Monta Ellis,Monta Ellis,Ricky Davis,Stephen Jackson,Monta Ellis,True,True
2008,Fabricio Oberto,Tim Duncan,Matt Bonner,Travis Diener,Tim Duncan,False,False
2008,Kasib Powell,Sam Cassell,Kasib Powell,Tim Thomas,Sam Cassell,False,True
2008,Mike Bibby,Mike Bibby,Lorenzen Wright,Marvin Williams,Mike Bibby,True,True
2008,Mike Dunleavy,Mike Dunleavy,LeBron James,Jason Terry,Mike Dunleavy,True,True
2008,Steve Blake,Steve Blake,LaMarcus Aldridge,Quentin Richardson,Steve Blake,True,True
2008,Josh Howard,Josh Howard,Lamar Odom,Jason Kidd,Josh Howard,True,True
2008,Arron Afflalo,Rodney Stuckey,Troy Hudson,Jason Maxiell,Rodney Stuckey,False,False
2008,Steve Blake,Steve Blake,LaMarcus Aldridge,Quentin Richardson,Steve Blake,True,True
2008,Andres Nocioni,Tyrus Thomas,Tyronn Lue,Kirk Hinrich,Tyrus Thomas,False,False
2008,Rasheed Wallace,Rasheed Wallace,Rodney Stuckey,Theo Ratliff,Rasheed Wallace,True,True
2008,Tracy McGrady,Tracy McGrady,Thaddeus Young,Tim Duncan,Tracy McGrady,True,True
2008,Marko Jaric,Martell Webster,Royal Ivey,Mo Williams,Martell Webster,False,False
2008,Carlos Boozer,T.J. Ford,Tracy McGrady,Tayshaun Prince,T.J. Ford,False,False
2008,Mikki Moore,Mikki Moore,LaMarcus Aldridge,Kevin Martin,Mikki Moore,True,True
2008,Michael Doleac,Michael Doleac,Nene Hilario,Stephane Lasme,Michael Doleac,True,True
2008,Pau Gasol,Pau Gasol,Charlie Villanueva,Ryan Gomes,Pau Gasol,True,True
2009,Acie Law,Will Solomon,Ronald Murray,Solomon Jones,Will Solomon,False,False
2009,Greg Buckner,Nenad Krstic,Ike Diogu,Royal Ivey,Nenad Krstic,False,False
2009,Chris Mihm,Thomas Gardner,Malik Hairston,Shaun Livingston,Thomas Gardner,False,False
2009,Jason Kapono,Joey Graham,Jason Kidd,Lou Amundson,Joey Graham,False,False
2009,Nene Hilario,Nene Hilario,Linas Kleiza,Kenyon Martin,Nene Hilario,True,True
2009,Andrei Kirilenko,Ronnie Price,Sergio Rodriguez,Shane Battier,Ronnie Price,False,False
2009,Rashard Lewis,Rashard Lewis,Tayshaun Prince,Kevin Durant,Rashard Lewis,True,True
2009,Amir Johnson,Rodney Stuckey,Will Bynum,Tayshaun Prince,Rodney Stuckey,False,False
2009,Corey Maggette,Monta Ellis,Rob Kurz,Ike Diogu,Monta Ellis,False,False
2009,Luol Deng,Luol Deng,Darius Songaila,Kirk Hinrich,Luol Deng,True,True
2009,Maurice Evans,Maurice Evans,Mike Bibby,Ronald Murray,Maurice Evans,True,True
2009,Chris Quinn,Michael Beasley,Shawn Marion,Monta Ellis,Michael Beasley,False,False
2009,Zydrunas Ilgauskas,Zydrunas Ilgauskas,Zach Randolph,Yakhouba Diawara,Zydrunas Ilgauskas,True,True
2009,James Singleton,James Singleton,Jason Kidd,Kyle Weaver,James Singleton,True,True
2009,Royal Ivey,Royal Ivey,Nenad Krstic,Samuel Dalembert,Royal Ivey,True,True
2009,Joakim Noah,Luol Deng,Lindsey Hunter,Rashad McCants,Luol Deng,False,False
2009,Andres Nocioni,Shane Battier,Luol Deng,Johan Petro,Shane Battier,False,False
2009,Jake Voskuhl,Shaquille O'Neal,Jermaine O'Neal,Yakhouba Diawara,Shaquille O'Neal,False,False
2009,Luke Walton,Luke Walton,O.J. Mayo,Pau Gasol,Luke Walton,True,True
2009,Josh Powell,Sasha Vujacic,Matt Harpring,Luke Walton,Sasha Vujacic,False,False
2009,Dominic McGuire,Javaris Crittenton,JaVale McGee,Juan Dixon,Javaris Crittenton,False,False
2009,Luke Ridnour,Luke Ridnour,Matt Barnes,O.J. Mayo,Luke Ridnour,True,True
2009,Travis Outlaw,Travis Outlaw,Sergio Rodriguez,Tayshaun Prince,Travis Outlaw,True,True
2009,Jason Kidd,Jason Kidd,Josh Howard,Tayshaun Prince,Jason Kidd,True,True
2009,Rodney Stuckey,Rodney Stuckey,Will Bynum,Richard Hamilton,Rodney Stuckey,True,True
2009,Brandon Rush,Troy Murphy,Darius Songaila,Rasho Nesterovic,Troy Murphy,False,False
2009,Ben Gordon,Rudy Gay,Richard Jefferson,Hedo Turkoglu,Rudy Gay,False,False
2009,Matt Bonner,Tony Parker,Michael Finley,Matt Bonner,Tony Parker,False,True
2009,Joel Anthony,Tayshaun Prince,Matt Barnes,Joel Anthony,Tayshaun Prince,False,True
2009,Josh Smith,Mike Bibby,Tayshaun Prince,Thabo Sefolosha,Mike Bibby,False,False
2009,Hedo Turkoglu,Jason Kidd,Keith Bogans,Hedo Turkoglu,Jason Kidd,False,True
2009,Chris Duhon,Shane Battier,Nate Robinson,Jason Kidd,Shane Battier,False,False
2009,Mickael Pietrus,Mickael Pietrus,Malik Hairston,O.J. Mayo,Mickael Pietrus,True,True
2009,Raja Bell,Raja Bell,Henry Walker,Matt Barnes,Raja Bell,True,True
2009,Dirk Nowitzki,Jason Kidd,John Salmons,Pau Gasol,Jason Kidd,False,False
2009,Von Wafer,Von Wafer,Shane Battier,Tracy McGrady,Von Wafer,True,True
2009,Mark Madsen,Mark Blount,Thaddeus Young,Yakhouba Diawara,Mark Blount,False,False
2009,Jamal Crawford,Jamal Crawford,Matt Barnes,Samuel Dalembert,Jamal Crawford,True,True
2009,Mo Williams,Mo Williams,O.J. Mayo,LeBron James,Mo Williams,True,True
2009,Michael Redd,Michael Redd,O.J. Mayo,Josh McRoberts,Michael Redd,True,True
2009,Tony Allen,Tony Allen,Sasha Pavlovic,Stephon Marbury,Tony Allen,True,True
2009,Dahntay Jones,Renaldo Balkman,Linas Kleiza,Kenyon Martin,Renaldo Balkman,False,False
2009,Linas Kleiza,Linas Kleiza,Matt Barnes,O.J. Mayo,Linas Kleiza,True,True
2009,Quinton Ross,Quinton Ross,Jameer Nelson,Jason Kapono,Quinton Ross,True,True
2009,Drew Gooden,Luol Deng,Will Bynum,Ray Allen,Luol Deng,False,False
2009,Roger Mason,Roger Mason,Steve Blake,Tony Parker,Roger Mason,True,True
2009,Shawn Marion,Shawn Marion,Josh McRoberts,Michael Beasley,Shawn Marion,True,True
2009,Dirk Nowitzki,John Salmons,Jason Kidd,Kevin Durant,John Salmons,False,False
2009,Mike Dunleavy,Tayshaun Prince,Speedy Claxton,Travis Diener,Tayshaun Prince,False,False
2009,Udonis Haslem,Udonis Haslem,Joe Alexander,Michael Beasley,Udonis Haslem,True,True
2009,Travis Outlaw,Travis Outlaw,Sergio Rodriguez,Steve Blake,Travis Outlaw,True,True
2009,Ronald Murray,Ronald Murray,Thomas Gardner,Maurice Evans,Ronald Murray,True,True
2009,Courtney Lee,Tim Thomas,Steven Hill,Mickael Pietrus,Tim Thomas,False,False
2009,Andris Biedrins,Kelenna Azubuike,Rob Kurz,Marco Belinelli,Kelenna Azubuike,False,False
2009,Jordan Farmar,Sasha Vujacic,Michael Beasley,Rashad McCants,Sasha Vujacic,False,False
2009,Anthony Carter,Metta World Peace,Renaldo Balkman,Kenyon Martin,Metta World Peace,False,False
2009,Marc Gasol,Nicolas Batum,Quinton Ross,Mo Williams,Nicolas Batum,False,False
2009,Rodney Carney,Rodney Carney,Jared Dudley,Ryan Gomes,Rodney Carney,True,True
2009,Ray Allen,Ray Allen,Stephon Marbury,Tony Allen,Ray Allen,True,True
2009,T.J. Ford,T.J. Ford,Ike Diogu,Shawn Marion,T.J. Ford,True,True
2009,Arron Afflalo,Steve Novak,Rashad McCants,Tayshaun Prince,Steve Novak,False,False
2009,Eric Gordon,Eric Gordon,Kevin Martin,J.J. Barea,Eric Gordon,True,True
2009,Josh Howard,Josh Howard,Shawne Williams,Lou Amundson,Josh Howard,True,True
2009,Shaquille O'Neal,Shaquille O'Neal,Steve Nash,Rafer Alston,Shaquille O'Neal,True,True
2009,Kevin Love,Rodney Carney,Steven Hill,Ryan Gomes,Rodney Carney,False,False
2009,Chris Duhon,Shane Battier,Tayshaun Prince,Jason Kidd,Shane Battier,False,False
2009,John Salmons,John Salmons,Jason Kidd,Kevin Durant,John Salmons,True,True
2009,Ronny Turiaf,Ronny Turiaf,Steven Hill,Jason Hart,Ronny Turiaf,True,True
2009,Ronnie Price,Ronnie Price,Morris Almond,Matt Harpring,Ronnie Price,True,True
2009,Elton Brand,Samuel Dalembert,Maurice Evans,Marreese Speights,Samuel Dalembert,False,False
2009,Erick Dampier,Monta Ellis,Sun Yue,Shawne Williams,Monta Ellis,False,False
2009,Randy Foye,Randy Foye,Rodney Carney,Ryan Gomes,Randy Foye,True,True
2009,Anthony Morrow,Jamal Crawford,Eric Gordon,Francisco Garcia,Jamal Crawford,False,False
2009,Keith Bogans,Keith Bogans,Luke Ridnour,Marquis Daniels,Keith Bogans,True,True
2009,Ronald Murray,Ronald Murray,Dominic McGuire,Maurice Evans,Ronald Murray,True,True
2009,Dominic McGuire,Javaris Crittenton,Etan Thomas,Juan Dixon,Javaris Crittenton,False,False
2009,Thabo Sefolosha,Thabo Sefolosha,Lindsey Hunter,Joel Anthony,Thabo Sefolosha,True,True
2009,Ronnie Brewer,Ronnie Brewer,Morris Almond,Paul Millsap,Ronnie Brewer,True,True
2009,Anthony Johnson,Mickael Pietrus,Rashad McCants,Jacque Vaughn,Mickael Pietrus,False,False
2009,Russell Westbrook,Russell Westbrook,Rodney Stuckey,Nenad Krstic,Russell Westbrook,True,True
2009,Nick Collison,Nick Collison,Quinton Ross,Nenad Krstic,Nick Collison,True,True
2009,Nick Collison,Nick Collison,Nenad Krstic,O.J. Mayo,Nick Collison,True,True
2009,Matt Harpring,Matt Harpring,Morris Almond,Luc Mbah a Moute,Matt Harpring,True,True
2009,Steve Novak,Steve Novak,Sun Yue,Francisco Garcia,Steve Novak,True,True
2009,Thaddeus Young,Thaddeus Young,Shawn Marion,Tayshaun Prince,Thaddeus Young,True,True
2009,Matt Bonner,Matt Bonner,O.J. Mayo,Michael Finley,Matt Bonner,True,True
2009,Dwyane Wade,John Salmons,Jason Kidd,Shawn Marion,John Salmons,False,False
2009,Ben Wallace,Mo Williams,Samuel Dalembert,Sasha Pavlovic,Mo Williams,False,False
2009,Roko Ukic,Roko Ukic,Marcus Banks,Kris Humphries,Roko Ukic,True,True
2009,Matt Barnes,Matt Barnes,Johan Petro,O.J. Mayo,Matt Barnes,True,True
2009,Mikki Moore,Mikki Moore,Ike Diogu,James Jones,Mikki Moore,True,True
2009,Josh Smith,Thabo Sefolosha,Ronald Murray,Mike Bibby,Thabo Sefolosha,False,False
2009,Anthony Johnson,Mickael Pietrus,Rashad McCants,Joe Alexander,Mickael Pietrus,False,False
2009,J.R. Smith,Kenyon Martin,Metta World Peace,Renaldo Balkman,Kenyon Martin,False,False
2009,Rasho Nesterovic,Rasho Nesterovic,Malik Hairston,Troy Murphy,Rasho Nesterovic,True,True
2009,Ricky Davis,Ricky Davis,Steven Hill,Lamar Odom,Ricky Davis,True,True
2009,Hedo Turkoglu,Jason Kidd,Matt Barnes,Hedo Turkoglu,Jason Kidd,False,True
2009,Daequan Cook,Shawn Marion,Jason Kapono,Michael Beasley,Shawn Marion,False,False
2009,Raja Bell,Raja Bell,Leandro Barbosa,Lou Amundson,Raja Bell,True,True
2009,Joe Johnson,Rudy Gay,John Salmons,O.J. Mayo,Rudy Gay,False,False
2010,Monta Ellis,Monta Ellis,J.R. Smith,Chris Hunter,Monta Ellis,True,True
2010,Kevin Garnett,Vladimir Radmanovic,Willie Green,Yakhouba Diawara,Vladimir Radmanovic,False,False
2010,Metta World Peace,Metta World Peace,Pau Gasol,Shannon Brown,Metta World Peace,True,True
2010,Zach Randolph,Zach Randolph,Russell Westbrook,Yakhouba Diawara,Zach Randolph,True,True
2010,Mario Chalmers,Jerry Stackhouse,Malik Hairston,Rafer Alston,Jerry Stackhouse,False,False
2010,Steve Nash,Steve Nash,Jared Dudley,Luis Scola,Steve Nash,True,True
2010,David Andersen,Vladimir Radmanovic,Willie Green,Yakhouba Diawara,Vladimir Radmanovic,False,False
2010,Brandon Jennings,Trevor Ariza,Wilson Chandler,Yakhouba Diawara,Trevor Ariza,False,False
2010,Earl Watson,T.J. Ford,James Posey,Jamario Moon,T.J. Ford,False,False
2010,Wesley Matthews,Wesley Matthews,Ryan Anderson,Ronnie Price,Wesley Matthews,True,True
2010,Lou Amundson,Lou Amundson,Leandro Barbosa,Jared Dudley,Lou Amundson,True,True
2010,Jeff Green,Stephen Curry,Willie Green,Wilson Chandler,Stephen Curry,False,False
2010,Jason Terry,Jason Terry,Josh Howard,T.J. Ford,Jason Terry,True,True
2010,Mike Dunleavy,T.J. Ford,Mike Dunleavy,James Singleton,T.J. Ford,False,True
2010,Jason Collins,Tracy McGrady,Mario West,Randolph Morris,Tracy McGrady,False,False
2010,Eric Gordon,Eric Gordon,Quentin Richardson,Jamario Moon,Eric Gordon,True,True
2010,Jannero Pargo,Taj Gibson,Toney Douglas,Vladimir Radmanovic,Taj Gibson,False,False
2010,Chris Bosh,Wilson Chandler,Tim Duncan,Willie Green,Wilson Chandler,False,False
2010,Channing Frye,Wilson Chandler,Will Conroy,Willie Green,Wilson Chandler,False,False
2010,J.R. Smith,J.R. Smith,Jason Kidd,Kenyon Martin,J.R. Smith,True,True
2010,Nene Hilario,Nene Hilario,Roy Hibbert,T.J. Ford,Nene Hilario,True,True
2010,Deron Williams,Wesley Matthews,Willie Green,Wilson Chandler,Wesley Matthews,False,False
2010,Aaron Brooks,Udonis Haslem,Yakhouba Diawara,Shaun Livingston,Udonis Haslem,False,False
2010,Trevor Ariza,Trevor Ariza,Tracy McGrady,Thaddeus Young,Trevor Ariza,True,True
2010,Zach Randolph,Zach Randolph,Russell Westbrook,Thaddeus Young,Zach Randolph,True,True
2010,Antoine Wright,Wilson Chandler,Reggie Evans,Willie Green,Wilson Chandler,False,False
2010,Steve Blake,Steve Blake,Steve Novak,Lamar Odom,Steve Blake,True,True
2010,Willie Green,Willie Green,Thaddeus Young,Will Conroy,Willie Green,True,True
2010,Shane Battier,Shane Battier,Samuel Dalembert,T.J. Ford,Shane Battier,True,True
2010,Elton Brand,Wilson Chandler,Thaddeus Young,Willie Green,Wilson Chandler,False,False
2010,Zydrunas Ilgauskas,Zydrunas Ilgauskas,Yakhouba Diawara,Shaquille O'Neal,Zydrunas Ilgauskas,True,True
2010,Jonny Flynn,Kevin Love,Ramon Sessions,Jonny Flynn,Kevin Love,False,True
2010,Drew Gooden,Shawn Marion,Vladimir Radmanovic,Yakhouba Diawara,Shawn Marion,False,False
2010,Andres Nocioni,Wilson Chandler,Spencer Hawes,Willie Green,Wilson Chandler,False,False
2010,Thaddeus Young,Thaddeus Young,Tayshaun Prince,T.J. Ford,Thaddeus Young,True,True
2010,Sergio Rodriguez,Sergio Rodriguez,Omri Casspi,Spencer Hawes,Sergio Rodriguez,True,True
2010,Marcus Camby,Steve Novak,Rasheed Wallace,Marcus Camby,Steve Novak,False,True
2010,Troy Murphy,Troy Murphy,Roy Hibbert,T.J. Ford,Troy Murphy,True,True
2010,Jason Maxiell,Tayshaun Prince,Matt Bonner,Kevin Love,Tayshaun Prince,False,False
2010,Corey Brewer,Yakhouba Diawara,Willie Green,Wilson Chandler,Yakhouba Diawara,False,False
2010,Eric Gordon,Eric Gordon,Jamario Moon,Michael Beasley,Eric Gordon,True,True
2010,Eric Gordon,Eric Gordon,Jamario Moon,Michael Beasley,Eric Gordon,True,True
2010,Deron Williams,Wesley Matthews,Willie Green,Wilson Chandler,Wesley Matthews,False,False
2010,Jamaal Tinsley,Yakhouba Diawara,Wilson Chandler,Willie Green,Yakhouba Diawara,False,False
2010,Jeff Green,Stephen Curry,Willie Green,Wilson Chandler,Stephen Curry,False,False
2010,Zach Randolph,Zach Randolph,Thaddeus Young,Yakhouba Diawara,Zach Randolph,True,True
2010,Nene Hilario,Nene Hilario,Juwan Howard,T.J. Ford,Nene Hilario,True,True
2010,Wilson Chandler,Wilson Chandler,Will Bynum,Willie Green,Wilson Chandler,True,True
2010,Maurice Evans,Maurice Evans,Randolph Morris,T.J. Ford,Maurice Evans,True,True
2010,Andres Nocioni,Wilson Chandler,Spencer Hawes,Willie Green,Wilson Chandler,False,False
2010,Al Jefferson,Ryan Hollins,Wayne Ellington,Yakhouba Diawara,Ryan Hollins,False,False
2010,Ricky Davis,Ricky Davis,Ryan Hollins,Steve Novak,Ricky Davis,True,True
2010,Will Bynum,Will Bynum,Wayne Ellington,Vladimir Radmanovic,Will Bynum,True,True
2010,Ty Lawson,Ty Lawson,Travis Outlaw,Tracy McGrady,Ty Lawson,True,True
2010,Andrei Kirilenko,Wesley Matthews,Willie Green,Wilson Chandler,Wesley Matthews,False,False
2010,Samuel Dalembert,Samuel Dalembert,Thaddeus Young,Jrue Holiday,Samuel Dalembert,True,True
2010,Kevin Durant,Zach Randolph,Willie Green,Wilson Chandler,Zach Randolph,False,False
2010,Kevin Durant,Zach Randolph,Willie Green,Wilson Chandler,Zach Randolph,False,False
2010,Marvin Williams,Marvin Williams,Maurice Evans,Rasheed Wallace,Marvin Williams,True,True
2010,Wayne Ellington,Wayne Ellington,Vladimir Radmanovic,Ryan Hollins,Wayne Ellington,True,True
2010,Etan Thomas,Wilson Chandler,Sean May,Willie Green,Wilson Chandler,False,False
2010,John Salmons,John Salmons,Kevin Love,LaMarcus Aldridge,John Salmons,True,True
2010,Martell Webster,Martell Webster,Rudy Fernandez,Josh Howard,Martell Webster,True,True
2010,Jameer Nelson,Wilson Chandler,Ryan Anderson,Willie Green,Wilson Chandler,False,False
2010,Derrick Rose,Taj Gibson,Vladimir Radmanovic,Tyrus Thomas,Taj Gibson,False,False
2010,Jannero Pargo,Vladimir Radmanovic,Toney Douglas,Taj Gibson,Vladimir Radmanovic,False,False
2010,Andre Iguodala,Zach Randolph,Willie Green,Wilson Chandler,Zach Randolph,False,False
2010,Caron Butler,Wilson Chandler,Randy Foye,Willie Green,Wilson Chandler,False,False
2010,Omri Casspi,Omri Casspi,T.J. Ford,Rasheed Wallace,Omri Casspi,True,True
2010,Ronny Turiaf,Ronny Turiaf,Reggie Williams,T.J. Ford,Ronny Turiaf,True,True
2010,Amir Johnson,Wilson Chandler,Will Conroy,Willie Green,Wilson Chandler,False,False
2010,Antoine Wright,Wilson Chandler,Will Conroy,Willie Green,Wilson Chandler,False,False
2010,Martell Webster,Martell Webster,Rudy Fernandez,Matt Bonner,Martell Webster,True,True
2010,Andrew Bogut,Will Conroy,Willie Green,Yakhouba Diawara,Will Conroy,False,False
2010,Jason Richardson,Jason Richardson,Jon Brockman,Kenyon Martin,Jason Richardson,True,True
2010,J.R. Smith,J.R. Smith,Jason Kidd,Kenyon Martin,J.R. Smith,True,True
2010,Nate Robinson,Rasheed Wallace,Oliver Lafayette,Nate Robinson,Rasheed Wallace,False,True
2010,Nene Hilario,Nene Hilario,Josh Smith,Kirk Hinrich,Nene Hilario,True,True
2010,Ersan Ilyasova,Ersan Ilyasova,Hakim Warrick,Jamario Moon,Ersan Ilyasova,True,True
2010,Al Horford,Ray Allen,Mike Bibby,Marvin Williams,Ray Allen,False,False
2010,Sergio Rodriguez,Sergio Rodriguez,Omri Casspi,Spencer Hawes,Sergio Rodriguez,True,True
2010,J.J. Redick,Wilson Chandler,Ryan Anderson,Willie Green,Wilson Chandler,False,False
2010,Keith Bogans,Wilson Chandler,Willie Green,Tony Parker,Wilson Chandler,False,False
2010,Nick Collison,Nick Collison,Samuel Dalembert,Tayshaun Prince,Nick Collison,True,True
2010,Chris Andersen,Pau Gasol,Willie Green,Yakhouba Diawara,Pau Gasol,False,False
2010,J.J. Hickson,Yakhouba Diawara,Wilson Chandler,Willie Green,Yakhouba Diawara,False,False
2010,Josh McRoberts,Josh McRoberts,Sasha Vujacic,Tayshaun Prince,Josh McRoberts,True,True
2010,Oleksiy Pecherov,Oleksiy Pecherov,Sasha Pavlovic,Ryan Hollins,Oleksiy Pecherov,True,True
2010,Roger Mason,Roger Mason,Matt Bonner,Tony Parker,Roger Mason,True,True
2010,Nene Hilario,Nene Hilario,Metta World Peace,Lamar Odom,Nene Hilario,True,True
2010,Shannon Brown,Shannon Brown,Sasha Vujacic,Lamar Odom,Shannon Brown,True,True
2010,Wilson Chandler,Wilson Chandler,Will Conroy,Jared Jeffries,Wilson Chandler,True,True
2010,Hamed Haddadi,Yakhouba Diawara,Vladimir Radmanovic,Taylor Griffin,Yakhouba Diawara,False,False
2010,C.J. Miles,Wesley Matthews,Willie Green,Wilson Chandler,Wesley Matthews,False,False
2010,Ryan Anderson,Ryan Anderson,Mickael Pietrus,Robin Lopez,Ryan Anderson,True,True
2010,Troy Murphy,Troy Murphy,Travis Outlaw,T.J. Ford,Troy Murphy,True,True
2010,Goran Dragic,Wilson Chandler,Yakhouba Diawara,Willie Green,Wilson Chandler,False,False
2010,Kobe Bryant,Steve Blake,Willie Green,Yakhouba Diawara,Steve Blake,False,False
2010,Toney Douglas,Toney Douglas,Malik Hairston,T.J. Ford,Toney Douglas,True,True
2010,Eddie House,Yakhouba Diawara,Willie Green,Vladimir Radmanovic,Yakhouba Diawara,False,False
2011,James Harden,John Salmons,Josh Childress,Nick Collison,John Salmons,False,False
2011,Chris Duhon,Ryan Anderson,Rashard Lewis,Quentin Richardson,Ryan Anderson,False,False
2011,Marcus Camby,Rudy Fernandez,Patty Mills,Randy Foye,Rudy Fernandez,False,False
2011,Lazar Hayward,Shannon Brown,Lazar Hayward,Nikola Pekovic,Shannon Brown,False,True
2011,Gilbert Arenas,Yi Jianlian,Nick Young,Rashard Lewis,Yi Jianlian,False,False
2011,Corey Brewer,Vladimir Radmanovic,Nick Young,Michael Beasley,Vladimir Radmanovic,False,False
2011,Shaquille O'Neal,Shaquille O'Neal,Ryan Gomes,Semih Erden,Shaquille O'Neal,True,True
2011,Paul Pierce,Paul Pierce,Rajon Rondo,Russell Westbrook,Paul Pierce,True,True
2011,John Wall,John Wall,Kirk Hinrich,Paul Millsap,John Wall,True,True
2011,Chris Andersen,Ty Lawson,Stephen Curry,Vladimir Radmanovic,Ty Lawson,False,False
2011,Chris Andersen,Ty Lawson,Von Wafer,Vince Carter,Ty Lawson,False,False
2011,Danny Granger,Vladimir Radmanovic,Stephen Curry,Wesley Matthews,Vladimir Radmanovic,False,False
2011,Tim Duncan,Tim Duncan,Ty Lawson,Tiago Splitter,Tim Duncan,True,True
2011,Shawne Williams,Shawne Williams,Shawn Marion,Semih Erden,Shawne Williams,True,True
2011,DeShawn Stevenson,Ronny Turiaf,Wayne Ellington,Ty Lawson,Ronny Turiaf,False,False
2011,Mike Bibby,Mike Bibby,Mike Miller,Hedo Turkoglu,Mike Bibby,True,True
2011,Serge Ibaka,Serge Ibaka,Ronnie Brewer,Semih Erden,Serge Ibaka,True,True
2011,DeMar DeRozan,Wesley Matthews,Vladimir Radmanovic,Russell Westbrook,Wesley Matthews,False,False
2011,Andres Nocioni,Nicolas Batum,Vladimir Radmanovic,Spencer Hawes,Nicolas Batum,False,False
2011,Danilo Gallinari,Shawne Williams,Timofey Mozgov,Tyson Chandler,Shawne Williams,False,False
2011,Toney Douglas,Toney Douglas,Landry Fields,Stephen Curry,Toney Douglas,True,True
2011,Rashard Lewis,Rashard Lewis,Ryan Anderson,Garrett Temple,Rashard Lewis,True,True
2011,Kurt Thomas,Taj Gibson,Omer Asik,Nikola Pekovic,Taj Gibson,False,False
2011,Serge Ibaka,Serge Ibaka,Royal Ivey,Nick Collison,Serge Ibaka,True,True
2011,Earl Watson,Earl Watson,Gordon Hayward,Francisco Elson,Earl Watson,True,True
2011,Brandon Jennings,Rashard Lewis,Trevor Booker,Vince Carter,Rashard Lewis,False,False
2011,Jerryd Bayless,Jerryd Bayless,Samuel Dalembert,Julian Wright,Jerryd Bayless,True,True
2011,Earl Clark,Ryan Anderson,Mickael Pietrus,Quentin Richardson,Ryan Anderson,False,False
2011,Dorell Wright,Pau Gasol,Jason Kidd,Stephen Curry,Pau Gasol,False,False
2011,Zach Randolph,Zach Randolph,Zabian Dowdell,Russell Westbrook,Zach Randolph,True,True
2011,Sam Young,Sam Young,Tracy McGrady,Tony Allen,Sam Young,True,True
2011,Kobe Bryant,Josh Smith,Stephen Curry,Vladimir Radmanovic,Josh Smith,False,False
2011,Kevin Durant,Russell Westbrook,Tyson Chandler,Wesley Matthews,Russell Westbrook,False,False
2011,Darko Milicic,Vladimir Radmanovic,Metta World Peace,Wayne Ellington,Vladimir Radmanovic,False,False
2011,Dante Cunningham,Patty Mills,Trevor Booker,Mickael Pietrus,Patty Mills,False,False
2011,Brandan Wright,Vladimir Radmanovic,Tony Battie,Marcus Thornton,Vladimir Radmanovic,False,False
2011,Luol Deng,Luol Deng,Ray Allen,Russell Westbrook,Luol Deng,True,True
2011,Landry Fields,Landry Fields,Ramon Sessions,Ryan Gomes,Landry Fields,True,True
2011,Josh Childress,Josh Childress,Mickael Pietrus,George Hill,Josh Childress,True,True
2011,J.J. Redick,J.J. Redick,Jared Dudley,Josh Childress,J.J. Redick,True,True
2011,Matt Barnes,Shannon Brown,Thabo Sefolosha,Ryan Gomes,Shannon Brown,False,False
2011,Luc Mbah a Moute,Luc Mbah a Moute,Keyon Dooling,Goran Dragic,Luc Mbah a Moute,True,True
2011,J.R. Smith,J.R. Smith,Stephen Curry,Ryan Gomes,J.R. Smith,True,True
2011,Evan Turner,Spencer Hawes,Trevor Booker,Tyson Chandler,Spencer Hawes,False,False
2011,A.J. Price,Vladimir Radmanovic,Vince Carter,Tyson Chandler,Vladimir Radmanovic,False,False
2011,Sonny Weems,Sonny Weems,Ryan Gomes,Reggie Evans,Sonny Weems,True,True
2011,Dorell Wright,Pau Gasol,Jason Kidd,Stephen Curry,Pau Gasol,False,False
2011,Christian Eyenga,Ryan Hollins,Vince Carter,Vladimir Radmanovic,Ryan Hollins,False,False
2011,Wilson Chandler,Wilson Chandler,Vladimir Radmanovic,Tyreke Evans,Wilson Chandler,True,True
2011,DeMar DeRozan,Wesley Matthews,Reggie Evans,Paul Pierce,Wesley Matthews,False,False
2011,Al Jefferson,Paul Millsap,Wesley Matthews,Paul Pierce,Paul Millsap,False,False
2011,Monta Ellis,Monta Ellis,Raymond Felton,LeBron James,Monta Ellis,True,True
2011,Richard Hamilton,Tracy McGrady,Trevor Booker,Vladimir Radmanovic,Tracy McGrady,False,False
2011,Luke Ridnour,Martell Webster,Michael Beasley,Luke Ridnour,Martell Webster,False,True
2011,Earl Watson,Gordon Hayward,Jose Calderon,Earl Watson,Gordon Hayward,False,True
2011,Kevin Love,Wesley Johnson,Jason Kidd,Russell Westbrook,Wesley Johnson,False,False
2011,Omer Asik,Omer Asik,Kyle Korver,Ronnie Brewer,Omer Asik,True,True
2011,Dahntay Jones,Paul George,Vince Carter,Thabo Sefolosha,Paul George,False,False
2011,Derek Fisher,Steve Blake,Vladimir Radmanovic,Nicolas Batum,Steve Blake,False,False
2011,Serge Ibaka,Serge Ibaka,Ronnie Brewer,Nick Collison,Serge Ibaka,True,True
2011,Nene Hilario,Nene Hilario,Kyle Korver,Reggie Williams,Nene Hilario,True,True
2011,Chris Wilcox,Tracy McGrady,Vladimir Radmanovic,Roy Hibbert,Tracy McGrady,False,False
2011,Zaza Pachulia,Zaza Pachulia,Willie Warren,Zabian Dowdell,Zaza Pachulia,True,True
2011,Toney Douglas,Toney Douglas,James Jones,Semih Erden,Toney Douglas,True,True
2011,Ian Mahinmi,Shaquille O'Neal,Vince Carter,Tyson Chandler,Shaquille O'Neal,False,False
2011,Danny Granger,Vladimir Radmanovic,Stephen Curry,Wesley Matthews,Vladimir Radmanovic,False,False
2011,JaVale McGee,Yi Jianlian,Raja Bell,Nick Young,Yi Jianlian,False,False
2011,Kenyon Martin,Kenyon Martin,Melvin Ely,Kirk Hinrich,Kenyon Martin,True,True
2011,Andre Miller,Rudy Fernandez,Vladimir Radmanovic,Nicolas Batum,Rudy Fernandez,False,False
2011,Jamal Crawford,Paul Pierce,Josh Smith,Mike Bibby,Paul Pierce,False,False
2011,Jason Kidd,Jason Kidd,Shawn Marion,Tyson Chandler,Jason Kidd,True,True
2011,Darrell Arthur,Trevor Booker,Vladimir Radmanovic,Von Wafer,Trevor Booker,False,False
2011,Andrei Kirilenko,Raja Bell,Tyson Chandler,Paul Millsap,Raja Bell,False,False
2011,Antawn Jamison,Ryan Hollins,Vladimir Radmanovic,Steve Blake,Ryan Hollins,False,False
2011,Antonio McDyess,Tony Parker,Ty Lawson,Vladimir Radmanovic,Tony Parker,False,False
2011,Aaron Brooks,Patrick Patterson,Vladimir Radmanovic,Trevor Booker,Patrick Patterson,False,False
2011,Russell Westbrook,Russell Westbrook,Larry Owens,O.J. Mayo,Russell Westbrook,True,True
2011,Kevin Martin,Kevin Martin,Metta World Peace,Kyle Lowry,Kevin Martin,True,True
2011,Derek Fisher,Steve Blake,Vladimir Radmanovic,Nicolas Batum,Steve Blake,False,False
2011,Andrei Kirilenko,Paul Millsap,Vince Carter,Tyson Chandler,Paul Millsap,False,False
2011,Josh McRoberts,Josh McRoberts,Mike Dunleavy,Roy Hibbert,Josh McRoberts,True,True
2011,Daniel Gibson,Steve Blake,Trevor Booker,Ryan Hollins,Steve Blake,False,False
2011,Manny Harris,Manny Harris,Mo Williams,Ramon Sessions,Manny Harris,True,True
2011,Eddie House,Tyreke Evans,Vladimir Radmanovic,Shawne Williams,Tyreke Evans,False,False
2011,Darko Milicic,Martell Webster,Michael Beasley,Vladimir Radmanovic,Martell Webster,False,False
2011,Sonny Weems,Sonny Weems,Linas Kleiza,Reggie Evans,Sonny Weems,True,True
2011,Mike Conley,Toney Douglas,Travis Outlaw,Russell Westbrook,Toney Douglas,False,False
2011,Tony Allen,Tony Allen,Toney Douglas,Rudy Gay,Tony Allen,True,True
2011,Jeff Green,Kirk Hinrich,Julian Wright,Josh Childress,Kirk Hinrich,False,False
2011,Corey Maggette,Vince Carter,Von Wafer,Trevor Booker,Vince Carter,False,False
2011,Richard Jefferson,Richard Jefferson,Matt Bonner,Vladimir Radmanovic,Richard Jefferson,True,True
2011,Al Harrington,Ty Lawson,Wayne Ellington,Stephen Curry,Ty Lawson,False,False
2011,Will Bynum,Will Bynum,Tracy McGrady,Rodney Stuckey,Will Bynum,True,True
2011,Richard Jefferson,Richard Jefferson,Matt Bonner,Vladimir Radmanovic,Richard Jefferson,True,True
2011,Chase Budinger,Vladimir Radmanovic,Trevor Booker,Stephen Curry,Vladimir Radmanovic,False,False
2011,Eric Maynor,Vince Carter,Trevor Booker,Tyson Chandler,Vince Carter,False,False
2011,Zaza Pachulia,Zaza Pachulia,Yao Ming,Zabian Dowdell,Zaza Pachulia,True,True
2011,Carmelo Anthony,Ty Lawson,Wesley Matthews,Vladimir Radmanovic,Ty Lawson,False,False
2011,Tony Allen,Tony Allen,Semih Erden,Sam Young,Tony Allen,True,True
2011,Serge Ibaka,Serge Ibaka,Ronnie Brewer,Semih Erden,Serge Ibaka,True,True
2012,Thaddeus Young,Thaddeus Young,J.J. Redick,Jrue Holiday,Thaddeus Young,True,True
2012,Amar'e Stoudemire,Tyson Chandler,Toney Douglas,Udonis Haslem,Tyson Chandler,False,False
2012,Nolan Smith,Nolan Smith,Ramon Sessions,Steve Blake,Nolan Smith,True,True
2012,Ramon Sessions,Ramon Sessions,Kelenna Azubuike,Steve Blake,Ramon Sessions,True,True
2012,Arron Afflalo,Monta Ellis,Rudy Fernandez,Von Wafer,Monta Ellis,False,False
2012,Marcin Gortat,Nick Young,Wesley Johnson,Von Wafer,Nick Young,False,False
2012,Jared Dudley,Nick Young,Von Wafer,Wesley Johnson,Nick Young,False,False
2012,Andre Miller,Rudy Fernandez,Von Wafer,Kobe Bryant,Rudy Fernandez,False,False
2012,Vince Carter,Vince Carter,Lamar Odom,Thabo Sefolosha,Vince Carter,True,True
2012,Dexter Pittman,Udonis Haslem,Walker Russell,Vince Carter,Udonis Haslem,False,False
2012,Marcin Gortat,Nick Young,Wesley Johnson,Von Wafer,Nick Young,False,False
2012,Brandon Jennings,Ty Lawson,Monta Ellis,Pau Gasol,Ty Lawson,False,False
2012,Earl Clark,Von Wafer,Wesley Johnson,Quentin Richardson,Von Wafer,False,False
2012,Brandon Bass,Rajon Rondo,Paul Pierce,Nick Young,Rajon Rondo,False,False
2012,Jerryd Bayless,Jerryd Bayless,Lou Amundson,Jimmer Fredette,Jerryd Bayless,True,True
2012,Cartier Martin,Trevor Booker,Walker Russell,Rashard Lewis,Trevor Booker,False,False
2012,JaVale McGee,JaVale McGee,Rashard Lewis,Jordan Crawford,JaVale McGee,True,True
2012,J.R. Smith,Tyson Chandler,Udonis Haslem,Kwame Brown,Tyson Chandler,False,False
2012,E'Twaun Moore,Marquis Daniels,Walker Russell,Sasha Pavlovic,Marquis Daniels,False,False
2012,Brandon Jennings,Ty Lawson,Monta Ellis,Pau Gasol,Ty Lawson,False,False
2012,Joel Anthony,Udonis Haslem,Wesley Johnson,Von Wafer,Udonis Haslem,False,False
2012,Semih Erden,Semih Erden,Samardo Samuels,Ryan Hollins,Semih Erden,True,True
2012,Jan Vesely,Trevor Booker,Rodney Stuckey,Rashard Lewis,Trevor Booker,False,False
2012,Derrick Rose,Taj Gibson,Rodney Stuckey,Omri Casspi,Taj Gibson,False,False
2012,Chris Bosh,Udonis Haslem,Von Wafer,Ramon Sessions,Udonis Haslem,False,False
2012,Kenyon Martin,Jordan Hill,Marcus Camby,Klay Thompson,Jordan Hill,False,False
2012,Matt Bonner,Matt Bonner,Tony Parker,Nick Young,Matt Bonner,True,True
2012,Jeff Teague,Rajon Rondo,Vladimir Radmanovic,Tracy McGrady,Rajon Rondo,False,False
2012,Jerry Stackhouse,Semih Erden,Sasha Pavlovic,Tracy McGrady,Semih Erden,False,False
2012,Shelvin Mack,Shelvin Mack,Sebastian Telfair,Roger Mason,Shelvin Mack,True,True
2012,Drew Gooden,Rodney Stuckey,Wesley Johnson,Stephen Jackson,Rodney Stuckey,False,False
2012,Raymond Felton,Raymond Felton,Nikola Vucevic,Steve Blake,Raymond Felton,True,True
2012,Jared Dudley,Nick Young,Tyler Hansbrough,Von Wafer,Nick Young,False,False
2012,Quincy Pondexter,Quincy Pondexter,Jordan Crawford,Ray Allen,Quincy Pondexter,True,True
2012,Nikola Vucevic,Nikola Vucevic,Jrue Holiday,Luke Ridnour,Nikola Vucevic,True,True
2012,Eric Bledsoe,Jason Richardson,Klay Thompson,Ryan Gomes,Jason Richardson,False,False
2012,Andrea Bargnani,Samuel Dalembert,Tyreke Evans,Von Wafer,Samuel Dalembert,False,False
2012,James Harden,Wesley Matthews,Russell Westbrook,Udonis Haslem,Wesley Matthews,False,False
2012,James Johnson,James Johnson,Kenneth Faried,Jerryd Bayless,James Johnson,True,True
2012,Chuck Hayes,Von Wafer,Travis Outlaw,Tyreke Evans,Von Wafer,False,False
2012,Ish Smith,Jameer Nelson,Jason Richardson,Ish Smith,Jameer Nelson,False,True
2012,Lance Stephenson,Tyler Hansbrough,Marcus Camby,Von Wafer,Tyler Hansbrough,False,False
2012,Amir Johnson,Ronnie Brewer,Tyreke Evans,Von Wafer,Ronnie Brewer,False,False
2012,Mike Bibby,Mike Bibby,Lance Stephenson,Ray Allen,Mike Bibby,True,True
2012,Paul Pierce,Paul Pierce,Rajon Rondo,Ray Allen,Paul Pierce,True,True
2012,Carlos Boozer,Taj Gibson,Richard Hamilton,Ronnie Brewer,Taj Gibson,False,False
2012,Anthony Parker,Tristan Thompson,Omri Casspi,Tyson Chandler,Tristan Thompson,False,False
2012,Amir Johnson,Tyson Chandler,Ed Davis,Ronnie Brewer,Tyson Chandler,False,False
2012,Tyson Chandler,Tyson Chandler,Tyler Hansbrough,Steve Novak,Tyson Chandler,True,True
2012,Jon Leuer,Jon Leuer,Kyrie Irving,Stephen Jackson,Jon Leuer,True,True
2012,Chris Bosh,Udonis Haslem,Wayne Ellington,Ramon Sessions,Udonis Haslem,False,False
2012,Rodney Stuckey,Rodney Stuckey,Patty Mills,Jason Maxiell,Rodney Stuckey,True,True
2012,Joakim Noah,Taj Gibson,Richard Hamilton,Ronnie Brewer,Taj Gibson,False,False
2012,Shane Battier,Shane Battier,Norris Cole,Rodney Stuckey,Shane Battier,True,True
2012,DeJuan Blair,Udonis Haslem,Shannon Brown,Tim Duncan,Udonis Haslem,False,False
2012,Lavoy Allen,Lavoy Allen,Spencer Hawes,Nikola Pekovic,Lavoy Allen,True,True
2012,Patrick Patterson,Patrick Patterson,Josh Smith,MarShon Brooks,Patrick Patterson,True,True
2012,Andris Biedrins,Nate Robinson,Udonis Haslem,Von Wafer,Nate Robinson,False,False
2012,James Harden,Wesley Matthews,Russell Westbrook,Udonis Haslem,Wesley Matthews,False,False
2012,Nikola Pekovic,Nikola Pekovic,Michael Beasley,Luke Ridnour,Nikola Pekovic,True,True
2012,Paul Millsap,Paul Millsap,Raja Bell,Gordon Hayward,Paul Millsap,True,True
2012,Blake Griffin,Ty Lawson,Nick Young,Pau Gasol,Ty Lawson,False,False
2012,Jared Dudley,Nick Young,Wayne Ellington,Wesley Johnson,Nick Young,False,False
2012,Justin Dentmon,Justin Dentmon,Solomon Alabi,Linas Kleiza,Justin Dentmon,True,True
2012,Baron Davis,Steve Novak,Udonis Haslem,Tyson Chandler,Steve Novak,False,False
2012,David West,Paul George,Wayne Ellington,Wesley Johnson,Paul George,False,False
2012,Steve Novak,Steve Novak,Kenyon Martin,Tyson Chandler,Steve Novak,True,True
2012,Carmelo Anthony,Nick Young,Tyson Chandler,Shannon Brown,Nick Young,False,False
2012,Lamar Odom,Lamar Odom,Marcus Camby,Rodrigue Beaubois,Lamar Odom,True,True
2012,Jared Jeffries,Shannon Brown,Jason Richardson,Jared Jeffries,Shannon Brown,False,True
2012,Brian Cook,Walker Russell,Troy Murphy,Von Wafer,Walker Russell,False,False
2012,Andrea Bargnani,Samuel Dalembert,Wesley Johnson,Von Wafer,Samuel Dalembert,False,False
2012,LeBron James,Wesley Matthews,Russell Westbrook,Udonis Haslem,Wesley Matthews,False,False
2012,Randy Foye,Randy Foye,Jon Leuer,Kenyon Martin,Randy Foye,True,True
2012,Serge Ibaka,Serge Ibaka,Damien Wilkins,Jameer Nelson,Serge Ibaka,True,True
2012,Andrea Bargnani,Samuel Dalembert,Solomon Alabi,Von Wafer,Samuel Dalembert,False,False
2012,Ed Davis,Gerald Henderson,Rudy Fernandez,James Johnson,Gerald Henderson,False,False
2012,Thaddeus Young,Thaddeus Young,Russell Westbrook,Jrue Holiday,Thaddeus Young,True,True
2012,Chris Duhon,Von Wafer,Vernon Macklin,Quentin Richardson,Von Wafer,False,False
2012,Hamed Haddadi,Quincy Pondexter,Wayne Ellington,Walker Russell,Quincy Pondexter,False,False
2012,Richard Hamilton,Richard Hamilton,Mike James,Taj Gibson,Richard Hamilton,True,True
2012,Josh Smith,Tayshaun Prince,Luol Deng,Marvin Williams,Tayshaun Prince,False,False
2012,Tyreke Evans,Tyreke Evans,Marcus Thornton,Lou Williams,Tyreke Evans,True,True
2012,Danny Granger,Nicolas Batum,Tyler Hansbrough,Wesley Johnson,Nicolas Batum,False,False
2012,David Lee,Tyson Chandler,Ronnie Brewer,Paul Pierce,Tyson Chandler,False,False
2012,Paul George,Roy Hibbert,Ray Allen,Paul George,Roy Hibbert,False,True
2012,James Harden,Wesley Matthews,Russell Westbrook,Udonis Haslem,Wesley Matthews,False,False
2012,Lavoy Allen,Lavoy Allen,Marcus Camby,Ryan Gomes,Lavoy Allen,True,True
2012,Brandon Rush,Tyson Chandler,Von Wafer,Luol Deng,Tyson Chandler,False,False
2012,Roy Hibbert,Roy Hibbert,Luke Ridnour,Ish Smith,Roy Hibbert,True,True
2012,Anthony Parker,Tristan Thompson,Omri Casspi,Tyson Chandler,Tristan Thompson,False,False
2012,Norris Cole,Norris Cole,Nate Robinson,Shane Battier,Norris Cole,True,True
2012,Kyrie Irving,Kyrie Irving,Marcus Camby,Omri Casspi,Kyrie Irving,True,True
2012,Marcus Thornton,Marcus Thornton,John Salmons,Nikola Vucevic,Marcus Thornton,True,True
2012,Devin Harris,Raja Bell,Wesley Johnson,Josh Howard,Raja Bell,False,False
2012,Kwame Brown,Kwame Brown,Richard Hamilton,Marcus Camby,Kwame Brown,True,True
2012,James Harden,Wesley Matthews,Russell Westbrook,Udonis Haslem,Wesley Matthews,False,False
2012,Shelvin Mack,Shelvin Mack,Maurice Evans,Roger Mason,Shelvin Mack,True,True
2012,Derrick Rose,Taj Gibson,Rodney Stuckey,Omri Casspi,Taj Gibson,False,False
2012,Nazr Mohammed,Russell Westbrook,Nick Collison,Nick Young,Russell Westbrook,False,False
2013,Klay Thompson,Klay Thompson,Jarrett Jack,Jeremy Lin,Klay Thompson,True,True
2013,JaVale McGee,JaVale McGee,Jamal Crawford,Tony Parker,JaVale McGee,True,True
2013,Omer Asik,Omer Asik,Kenneth Faried,Patrick Patterson,Omer Asik,True,True
2013,O.J. Mayo,O.J. Mayo,Stephen Curry,Rudy Gay,O.J. Mayo,True,True
2013,Eric Bledsoe,Eric Bledsoe,Ronny Turiaf,Ryan Hollins,Eric Bledsoe,True,True
2013,Tyson Chandler,Tyson Chandler,Marcus Camby,Kenyon Martin,Tyson Chandler,True,True
2013,LeBron James,Paul George,Shane Battier,Russell Westbrook,Paul George,False,False
2013,Hasheem Thabeet,Thabo Sefolosha,Ronnie Brewer,Steve Novak,Thabo Sefolosha,False,False
2013,Omer Asik,Omer Asik,Marcus Morris,Patrick Patterson,Omer Asik,True,True
2013,Martell Webster,Martell Webster,Kevin Seraphin,Rodney Stuckey,Martell Webster,True,True
2013,Zach Randolph,Zach Randolph,Wilson Chandler,Xavier Henry,Zach Randolph,True,True
2013,Tony Parker,Tony Parker,Tim Duncan,Tiago Splitter,Tony Parker,True,True
2013,Marvin Williams,Marvin Williams,Jamaal Tinsley,Mo Williams,Marvin Williams,True,True
2013,Stephen Curry,Stephen Curry,Jrue Holiday,Klay Thompson,Stephen Curry,True,True
2013,Earl Watson,Landry Fields,Earl Watson,Jamaal Tinsley,Landry Fields,False,True
2013,Thomas Robinson,Thomas Robinson,Solomon Jones,Marcus Thornton,Thomas Robinson,True,True
2013,Kwame Brown,Khris Middleton,Tony Wroten,Jeff Ayres,Khris Middleton,False,False
2013,C.J. Watson,MarShon Brooks,Keith Bogans,Mirza Teletovic,MarShon Brooks,False,False
2013,Stephen Jackson,Tony Parker,Tiago Splitter,Stephen Jackson,Tony Parker,False,True
2013,Rudy Gay,Rudy Gay,Tim Duncan,Tony Parker,Rudy Gay,True,True
2013,Metta World Peace,Metta World Peace,Maurice Harkless,Pau Gasol,Metta World Peace,True,True
2013,Andrew Nicholson,Ian Mahinmi,Malcolm Lee,Kyle O'Quinn,Ian Mahinmi,False,False
2013,Evan Fournier,Terrence Jones,Jan Vesely,Mickael Gelabale,Terrence Jones,False,False
2013,Zaza Pachulia,Zaza Pachulia,Xavier Henry,Terrence Williams,Zaza Pachulia,True,True
2013,Kevin Martin,Vince Carter,Russell Westbrook,Rudy Gay,Vince Carter,False,False
2013,Goran Dragic,P.J. Tucker,Shannon Brown,Sebastian Telfair,P.J. Tucker,False,False
2013,Eric Maynor,Thabo Sefolosha,Tony Allen,Serge Ibaka,Thabo Sefolosha,False,False
2013,Goran Dragic,Sebastian Telfair,Tayshaun Prince,P.J. Tucker,Sebastian Telfair,False,False
2013,Dirk Nowitzki,Rodrigue Beaubois,Josh Akognon,Ian Mahinmi,Rodrigue Beaubois,False,False
2013,Kyrie Irving,Tony Parker,Luke Walton,Kyrie Irving,Tony Parker,False,True
2013,Brandon Jennings,Paul George,Russell Westbrook,Ty Lawson,Paul George,False,False
2013,Jeff Green,Jeff Green,Jordan Crawford,Kevin Garnett,Jeff Green,True,True
2013,Brandon Bass,Tristan Thompson,Mike Dunleavy,Terrence Williams,Tristan Thompson,False,False
2013,O.J. Mayo,O.J. Mayo,Jarrett Jack,Paul George,O.J. Mayo,True,True
2013,Zach Randolph,Zach Randolph,Wilson Chandler,Xavier Henry,Zach Randolph,True,True
2013,Wilson Chandler,Wilson Chandler,Will Barton,Ty Lawson,Wilson Chandler,True,True
2013,Rodney Stuckey,Rodney Stuckey,Eric Bledsoe,Kyle Singler,Rodney Stuckey,True,True
2013,Mario Chalmers,Marquis Daniels,Mario Chalmers,Markieff Morris,Marquis Daniels,False,True
2013,Gustavo Ayon,Kyle O'Quinn,Sebastian Telfair,Jameer Nelson,Kyle O'Quinn,False,False
2013,Tony Parker,Tony Parker,Tim Duncan,Tiago Splitter,Tony Parker,True,True
2013,Kevin Seraphin,Kevin Seraphin,Nene Hilario,Martell Webster,Kevin Seraphin,True,True
2013,Jared Sullinger,Rajon Rondo,Leandro Barbosa,Quincy Acy,Rajon Rondo,False,False
2013,Kyle Korver,Kyle Korver,Jeff Teague,Ivan Johnson,Kyle Korver,True,True
2013,Marco Belinelli,Marco Belinelli,Nick Young,Marreese Speights,Marco Belinelli,True,True
2013,Lavoy Allen,Lavoy Allen,Ian Mahinmi,Spencer Hawes,Lavoy Allen,True,True
2013,Wilson Chandler,Wilson Chandler,Will Barton,Ty Lawson,Wilson Chandler,True,True
2013,Rajon Rondo,Rajon Rondo,Kevin Garnett,Leandro Barbosa,Rajon Rondo,True,True
2013,Will Barton,Will Barton,Victor Claver,Wesley Matthews,Will Barton,True,True
2013,Jeff Green,Jeff Green,Joe Johnson,Keith Bogans,Jeff Green,True,True
2013,Jared Dudley,Sasha Pavlovic,P.J. Tucker,Sebastian Telfair,Sasha Pavlovic,False,False
2013,Chuck Hayes,Travis Outlaw,John Salmons,Marcus Thornton,Travis Outlaw,False,False
2013,Al Jefferson,Rudy Gay,Randy Foye,Gordon Hayward,Rudy Gay,False,False
2013,LaMarcus Aldridge,Metta World Peace,Ty Lawson,Wesley Matthews,Metta World Peace,False,False
2013,Udonis Haslem,Udonis Haslem,Rashard Lewis,Shane Battier,Udonis Haslem,True,True
2013,J.J. Barea,J.J. Barea,Keith Bogans,J.J. Redick,J.J. Barea,True,True
2013,Stephen Jackson,Stephen Jackson,Solomon Jones,Tiago Splitter,Stephen Jackson,True,True
2013,Spencer Hawes,Spencer Hawes,Roy Hibbert,Nick Young,Spencer Hawes,True,True
2013,Linas Kleiza,Linas Kleiza,Mickael Pietrus,Sebastian Telfair,Linas Kleiza,True,True
2013,Steve Novak,Steve Novak,Victor Claver,Pablo Prigioni,Steve Novak,True,True
2013,Jason Maxiell,Eric Bledsoe,Rodney Stuckey,Matt Bonner,Eric Bledsoe,False,False
2013,Raymond Felton,Raymond Felton,Markieff Morris,Ronnie Price,Raymond Felton,True,True
2013,Kevin Martin,Vince Carter,Russell Westbrook,Nick Collison,Vince Carter,False,False
2013,John Wall,Nene Hilario,Kyle Singler,John Wall,Nene Hilario,False,True
2013,Carmelo Anthony,Nicolas Batum,Metta World Peace,Raymond Felton,Nicolas Batum,False,False
2013,Raymond Felton,Raymond Felton,Omer Asik,Pablo Prigioni,Raymond Felton,True,True
2013,Stephen Curry,Stephen Curry,Paul George,Jarrett Jack,Stephen Curry,True,True
2013,Ekpe Udoh,Luc Mbah a Moute,Samuel Dalembert,James Johnson,Luc Mbah a Moute,False,False
2013,Dirk Nowitzki,Rodrigue Beaubois,Marcus Camby,Ty Lawson,Rodrigue Beaubois,False,False
2013,James Johnson,Landry Fields,Marcus Thornton,Jimmer Fredette,Landry Fields,False,False
2013,Alec Burks,Stephen Jackson,Timofey Mozgov,Randy Foye,Stephen Jackson,False,False
2013,O.J. Mayo,O.J. Mayo,Paul George,Jarrett Jack,O.J. Mayo,True,True
2013,Stephen Curry,Stephen Curry,Paul George,Klay Thompson,Stephen Curry,True,True
2013,Chris Bosh,Shane Battier,Shawn Marion,Rashard Lewis,Shane Battier,False,False
2013,Tobias Harris,Tobias Harris,Shaun Livingston,Kyle O'Quinn,Tobias Harris,True,True
2013,Derrick Favors,Randy Foye,Stephen Jackson,Gordon Hayward,Randy Foye,False,False
2013,Dwight Howard,Metta World Peace,Jeremy Lin,Pau Gasol,Metta World Peace,False,False
2013,Richard Hamilton,Richard Hamilton,Marco Belinelli,Nazr Mohammed,Richard Hamilton,True,True
2013,Andre Miller,Ty Lawson,Josh Smith,Nicolas Batum,Ty Lawson,False,False
2013,Tyler Hansbrough,Tyler Hansbrough,Tony Allen,Tristan Thompson,Tyler Hansbrough,True,True
2013,Andrew Nicholson,Kyrie Irving,Sebastian Telfair,Kyle O'Quinn,Kyrie Irving,False,False
2013,Ricky Rubio,Ricky Rubio,Kevin Jones,Luke Ridnour,Ricky Rubio,True,True
2013,Courtney Lee,Terrence Williams,Shavlik Randolph,Leandro Barbosa,Terrence Williams,False,False
2013,Shawn Marion,Shawn Marion,Jrue Holiday,Marcus Camby,Shawn Marion,True,True
2013,Wayne Ellington,Wayne Ellington,Tyler Zeller,Victor Claver,Wayne Ellington,True,True
2013,Nick Young,Ivan Johnson,Johan Petro,Jrue Holiday,Ivan Johnson,False,False
2013,Rudy Gay,Rudy Gay,Shannon Brown,Josh Smith,Rudy Gay,True,True
2013,Jason Maxiell,Eric Bledsoe,Rodney Stuckey,Matt Bonner,Eric Bledsoe,False,False
2013,Marvin Williams,Marvin Williams,Ian Mahinmi,Randy Foye,Marvin Williams,True,True
2013,Marcin Gortat,Sebastian Telfair,Shannon Brown,P.J. Tucker,Sebastian Telfair,False,False
2013,Darren Collison,Shawn Marion,Nicolas Batum,Jeremy Lin,Shawn Marion,False,False
2013,Gerald Green,Matt Barnes,Gary Neal,Doron Lamb,Matt Barnes,False,False
2013,Alexey Shved,Ricky Rubio,Robin Lopez,Luke Ridnour,Ricky Rubio,False,False
2013,Ronny Turiaf,Ronny Turiaf,Ian Mahinmi,Ryan Hollins,Ronny Turiaf,True,True
2013,Tony Parker,Tony Parker,Tim Duncan,Tiago Splitter,Tony Parker,True,True
2013,Luke Babbitt,Will Barton,Shaun Livingston,Victor Claver,Will Barton,False,False
2013,DeMar DeRozan,Terrence Ross,Rudy Gay,Paul George,Terrence Ross,False,False
2013,David Lee,Jrue Holiday,Josh Smith,Paul George,Jrue Holiday,False,False
2013,Josh Smith,Josh Smith,Lou Williams,Keith Bogans,Josh Smith,True,True
2013,Boris Diaw,Tony Parker,Stephen Jackson,Tiago Splitter,Tony Parker,False,False
2013,Tony Parker,Tony Parker,Tim Duncan,Tiago Splitter,Tony Parker,True,True
2014,Al Harrington,Trey Burke,Trevor Ariza,Trevor Booker,Trey Burke,False,False
2014,Kawhi Leonard,Tony Parker,Udonis Haslem,Tim Duncan,Tony Parker,False,False
2014,Marcus Morris,Miles Plumlee,John Wall,Marcus Morris,Miles Plumlee,False,True
2014,Paul George,Paul George,Mike Dunleavy,Norris Cole,Paul George,True,True
2014,Isaiah Thomas,Jared Dudley,James Anderson,Jordan Crawford,Jared Dudley,False,False
2014,Evan Turner,Tony Wroten,James Anderson,Michael Carter-Williams,Tony Wroten,False,False
2014,Kevin Durant,Stephen Curry,Paul George,Serge Ibaka,Stephen Curry,False,False
2014,Carlos Boozer,Udonis Haslem,Tony Snell,Steve Blake,Udonis Haslem,False,False
2014,Trey Burke,Trey Burke,Richard Jefferson,Rudy Gobert,Trey Burke,True,True
2014,Jimmy Butler,Udonis Haslem,Viacheslav Kravtsov,Luol Deng,Udonis Haslem,False,False
2014,C.J. Watson,Udonis Haslem,Viacheslav Kravtsov,Roy Hibbert,Udonis Haslem,False,False
2014,Tyreke Evans,Tyreke Evans,Terrence Jones,Mo Williams,Tyreke Evans,True,True
2014,Mario Chalmers,Michael Beasley,Mario Chalmers,Norris Cole,Michael Beasley,False,True
2014,Kyle Singler,Kyle Singler,Kyrie Irving,Norris Cole,Kyle Singler,True,True
2014,Tim Duncan,Tim Duncan,Mo Williams,Tiago Splitter,Tim Duncan,True,True
2014,Joe Johnson,Joe Johnson,Paul Pierce,Jordan Crawford,Joe Johnson,True,True
2014,Greg Stiemsma,Greg Stiemsma,Melvin Ely,Austin Rivers,Greg Stiemsma,True,True
2014,Terrence Jones,Terrence Jones,Steve Blake,Ryan Kelly,Terrence Jones,True,True
2014,Kawhi Leonard,Tony Parker,Tiago Splitter,Tim Duncan,Tony Parker,False,False
2014,Mario Chalmers,Michael Beasley,Rashard Lewis,Norris Cole,Michael Beasley,False,False
2014,Greg Monroe,Udonis Haslem,Tyson Chandler,Kyle Singler,Udonis Haslem,False,False
2014,Josh Smith,Josh Smith,Kyle Singler,Kentavious Caldwell-Pope,Josh Smith,True,True
2014,Mike Miller,Mike Miller,Nick Calathes,Mike Dunleavy,Mike Miller,True,True
2014,Paul George,Paul George,Mike Dunleavy,Norris Cole,Paul George,True,True
2014,Alan Anderson,Shaun Livingston,Troy Daniels,Udonis Haslem,Shaun Livingston,False,False
2014,Lance Stephenson,Roy Hibbert,Kyle Singler,Lance Stephenson,Roy Hibbert,False,True
2014,Glen Davis,Jamal Crawford,Greg Stiemsma,J.J. Barea,Jamal Crawford,False,False
2014,Byron Mullens,Toney Douglas,Matt Barnes,Ryan Hollins,Toney Douglas,False,False
2014,Marcin Gortat,Marcin Gortat,Otto Porter,Nene Hilario,Marcin Gortat,True,True
2014,Eric Gordon,Eric Gordon,Jrue Holiday,Jared Dudley,Eric Gordon,True,True
2014,Nene Hilario,Nene Hilario,Trevor Booker,Otto Porter,Nene Hilario,True,True
2014,Bradley Beal,Trey Burke,Marcin Gortat,Trevor Booker,Trey Burke,False,False
2014,Lou Williams,Pero Antic,Mike Scott,Lou Williams,Pero Antic,False,True
2014,Kyle Singler,Kyle Singler,Nazr Mohammed,Mike Conley,Kyle Singler,True,True
2014,Anthony Davis,Udonis Haslem,Terrence Jones,Tony Allen,Udonis Haslem,False,False
2014,J.J. Hickson,Wilson Chandler,Tony Allen,Udonis Haslem,Wilson Chandler,False,False
2014,Bradley Beal,Trey Burke,Marcin Gortat,Trevor Booker,Trey Burke,False,False
2014,Taj Gibson,Taj Gibson,Tayshaun Prince,Tony Snell,Taj Gibson,True,True
2014,Marco Belinelli,Marco Belinelli,Norris Cole,Russell Westbrook,Marco Belinelli,True,True
2014,Kyle Lowry,Stephen Curry,Nicolas Batum,Kyle Lowry,Stephen Curry,False,True
2014,Al-Farouq Aminu,Udonis Haslem,Vander Blue,Terrence Jones,Udonis Haslem,False,False
2014,Jodie Meeks,Udonis Haslem,Timofey Mozgov,Ty Lawson,Udonis Haslem,False,False
2014,Glen Davis,Jared Dudley,Greg Stiemsma,Matt Barnes,Jared Dudley,False,False
2014,Blake Griffin,Stephen Curry,Matt Barnes,Vince Carter,Stephen Curry,False,False
2014,Vince Carter,Vince Carter,Tony Allen,Shawn Marion,Vince Carter,True,True
2014,Reggie Bullock,Reggie Bullock,Robbie Hummel,Ryan Hollins,Reggie Bullock,True,True
2014,DeMar DeRozan,Stephen Curry,Nicolas Batum,Kyle Lowry,Stephen Curry,False,False
2014,Deron Williams,Shaun Livingston,Paul Pierce,Xavier Henry,Shaun Livingston,False,False
2014,Andray Blatche,Shaun Livingston,Mirza Teletovic,Udonis Haslem,Shaun Livingston,False,False
2014,Ian Mahinmi,Jared Dudley,Luis Scola,Jordan Crawford,Jared Dudley,False,False
2014,Chandler Parsons,Taj Gibson,Vince Carter,Udonis Haslem,Taj Gibson,False,False
2014,Marcin Gortat,Nene Hilario,Otto Porter,Marcin Gortat,Nene Hilario,False,True
2014,Greg Stiemsma,Greg Stiemsma,Jordan Crawford,Jared Dudley,Greg Stiemsma,True,True
2014,James Harden,Jared Dudley,Jordan Crawford,Jamal Crawford,Jared Dudley,False,False
2014,Michael Carter-Williams,Michael Carter-Williams,Larry Sanders,Nate Wolters,Michael Carter-Williams,True,True
2014,David Lee,Marreese Speights,Udonis Haslem,Stephen Curry,Marreese Speights,False,False
2014,Dion Waiters,Robin Lopez,Luol Deng,Tyson Chandler,Robin Lopez,False,False
2014,Ryan Anderson,Ryan Anderson,Darius Miller,Ryan Hollins,Ryan Anderson,True,True
2014,Miles Plumlee,Miles Plumlee,Greg Stiemsma,Royal Ivey,Miles Plumlee,True,True
2014,Tyler Zeller,Tyler Zeller,Toure' Murry,Tony Allen,Tyler Zeller,True,True
2014,Hollis Thompson,Jared Dudley,Jordan Crawford,Larry Sanders,Jared Dudley,False,False
2014,Timofey Mozgov,Timofey Mozgov,Paul Pierce,Wilson Chandler,Timofey Mozgov,True,True
2014,Danny Green,Tony Parker,Tiago Splitter,Udonis Haslem,Tony Parker,False,False
2014,Evan Turner,Tony Wroten,Khris Middleton,Michael Carter-Williams,Tony Wroten,False,False
2014,Ricky Rubio,Ricky Rubio,Robbie Hummel,Nick Young,Ricky Rubio,True,True
2014,Evan Fournier,Timofey Mozgov,Terrence Jones,Udonis Haslem,Timofey Mozgov,False,False
2014,Manu Ginobili,Tim Duncan,Ryan Kelly,Tiago Splitter,Tim Duncan,False,False
2014,James Johnson,Tony Allen,Mike Miller,Mike Scott,Tony Allen,False,False
2014,Paul Pierce,Paul Pierce,Josh Childress,Tornike Shengelia,Paul Pierce,True,True
2014,DeAndre Jordan,Jared Dudley,Jamal Crawford,DeAndre Jordan,Jared Dudley,False,True
2014,Blake Griffin,Stephen Curry,Vince Carter,Jeff Green,Stephen Curry,False,False
2014,Boris Diaw,Tony Parker,Udonis Haslem,Ray Allen,Tony Parker,False,False
2014,Andre Drummond,Shawn Marion,Udonis Haslem,Rodney Stuckey,Shawn Marion,False,False
2014,Leandro Barbosa,Viacheslav Kravtsov,Miles Plumlee,Tyson Chandler,Viacheslav Kravtsov,False,False
2014,Kevin Martin,Kevin Martin,Marcus Thornton,Jrue Holiday,Kevin Martin,True,True
2014,Gordon Hayward,Jared Dudley,Jeremy Evans,Nicolas Batum,Jared Dudley,False,False
2014,DeAndre Jordan,Jared Dudley,DeAndre Jordan,Jamal Crawford,Jared Dudley,False,True
2014,Tony Snell,Tony Snell,Timofey Mozgov,Tornike Shengelia,Tony Snell,True,True
2014,Zaza Pachulia,Zaza Pachulia,Willie Green,Wilson Chandler,Zaza Pachulia,True,True
2014,Tony Parker,Tony Parker,Marco Belinelli,Tim Duncan,Tony Parker,True,True
2014,Iman Shumpert,Jared Dudley,Jamal Crawford,Jordan Crawford,Jared Dudley,False,False
2014,Mike Conley,Mike Conley,Nick Calathes,Timofey Mozgov,Mike Conley,True,True
2014,Arron Afflalo,Nikola Vucevic,Udonis Haslem,Mike Conley,Nikola Vucevic,False,False
2014,Reggie Jackson,Reggie Jackson,Ryan Kelly,Thabo Sefolosha,Reggie Jackson,True,True
2014,Nazr Mohammed,Tony Snell,Tornike Shengelia,Nazr Mohammed,Tony Snell,False,True
2014,Roy Hibbert,Roy Hibbert,Orlando Johnson,Hollis Thompson,Roy Hibbert,True,True
2014,Earl Clark,Timofey Mozgov,Tyson Chandler,Tayshaun Prince,Timofey Mozgov,False,False
2014,Zach Randolph,Zach Randolph,Will Barton,Wilson Chandler,Zach Randolph,True,True
2014,Tony Snell,Tony Snell,Nazr Mohammed,Tornike Shengelia,Tony Snell,True,True
2014,Boris Diaw,Tony Parker,Udonis Haslem,Ray Allen,Tony Parker,False,False
2014,Rodney Stuckey,Rodney Stuckey,Luigi Datome,Jeremy Lin,Rodney Stuckey,True,True
2014,Eric Gordon,Eric Gordon,Jordan Crawford,Jared Dudley,Eric Gordon,True,True
2014,Josh Smith,Josh Smith,Kyle Singler,Kentavious Caldwell-Pope,Josh Smith,True,True
2014,Paul Millsap,Paul Millsap,Kyle Korver,Lou Williams,Paul Millsap,True,True
2014,Enes Kanter,Jared Dudley,Marvin Williams,Jordan Crawford,Jared Dudley,False,False
2014,Samuel Dalembert,Shawn Marion,Michael Beasley,Ryan Kelly,Shawn Marion,False,False
2014,Kyle Singler,Kyle Singler,Martell Webster,Mike Conley,Kyle Singler,True,True
2014,Orlando Johnson,Roy Hibbert,Reggie Bullock,Orlando Johnson,Roy Hibbert,False,True
2014,Kevin Love,Kevin Love,Marcus Thornton,Lance Stephenson,Kevin Love,True,True
2014,Ty Lawson,Ty Lawson,Tony Allen,Terrence Jones,Ty Lawson,True,True
2015,Marc Gasol,Luol Deng,Mike Conley,Joey Dorsey,Luol Deng,False,False
2015,Jeff Green,Jeff Green,Marcus Smart,Rajon Rondo,Jeff Green,True,True
2015,David West,Travis Wear,Toney Douglas,Tayshaun Prince,Travis Wear,False,False
2015,Terrence Jones,Terrence Jones,Shabazz Napier,Michael Beasley,Terrence Jones,True,True
2015,Perry Jones,Perry Jones,Terrence Jones,Quincy Acy,Perry Jones,True,True
2015,Anthony Morrow,Serge Ibaka,Trevor Ariza,Marcus Morris,Serge Ibaka,False,False
2015,Reggie Evans,Reggie Evans,Ray McCallum,Ramon Sessions,Reggie Evans,True,True
2015,Russell Westbrook,Russell Westbrook,Joffrey Lauvergne,Lance Thomas,Russell Westbrook,True,True
2015,Jerami Grant,Jerami Grant,Nerlens Noel,Luc Mbah a Moute,Jerami Grant,True,True
2015,Deron Williams,Isaiah Thomas,Kevin Garnett,J.J. Barea,Isaiah Thomas,False,False
2015,Brandon Bass,Tyler Zeller,Tony Snell,Rajon Rondo,Tyler Zeller,False,False
2015,Derrick Williams,Ray McCallum,Omri Casspi,Isaiah Thomas,Ray McCallum,False,False
2015,Kyle Lowry,Kyle Lowry,Jonas Valanciunas,Lou Williams,Kyle Lowry,True,True
2015,Ty Lawson,Wilson Chandler,Randy Foye,Ty Lawson,Wilson Chandler,False,True
2015,Al Horford,Thabo Sefolosha,Mike Scott,Tyler Zeller,Thabo Sefolosha,False,False
2015,Andrew Nicholson,Larry Sanders,Travis Wear,Toney Douglas,Larry Sanders,False,False
2015,Joel Freeland,Joel Freeland,Patty Mills,Meyers Leonard,Joel Freeland,True,True
2015,Kendrick Perkins,Reggie Jackson,Langston Galloway,Russell Westbrook,Reggie Jackson,False,False
2015,Jason Smith,Quincy Acy,Tayshaun Prince,Travis Wear,Quincy Acy,False,False
2015,Tim Duncan,Tim Duncan,Matt Barnes,Tiago Splitter,Tim Duncan,True,True
2015,Elfrid Payton,J.J. Barea,Elfrid Payton,Evan Fournier,J.J. Barea,False,True
2015,LeBron James,LeBron James,Kyrie Irving,Matthew Dellavedova,LeBron James,True,True
2015,Jae Crowder,Jae Crowder,Jeff Green,Jared Sullinger,Jae Crowder,True,True
2015,Pablo Prigioni,Pablo Prigioni,Klay Thompson,Tarik Black,Pablo Prigioni,True,True
2015,Pau Gasol,Pau Gasol,Taj Gibson,Nikola Mirotic,Pau Gasol,True,True
2015,Jason Smith,Travis Wear,Taj Gibson,Tony Allen,Travis Wear,False,False
2015,Kelly Olynyk,Kelly Olynyk,Jameer Nelson,Marcus Thornton,Kelly Olynyk,True,True
2015,Rodney Stuckey,Rodney Stuckey,Toure' Murry,Klay Thompson,Rodney Stuckey,True,True
2015,Patrick Patterson,Patrick Patterson,Jonas Valanciunas,Lou Williams,Patrick Patterson,True,True
2015,DeMarre Carroll,Thabo Sefolosha,Mike Scott,Tyler Zeller,Thabo Sefolosha,False,False
2015,Kyle Korver,Kyle Korver,Mike Scott,Marcus Smart,Kyle Korver,True,True
2015,Andre Iguodala,Stephen Curry,Rudy Gobert,Marreese Speights,Stephen Curry,False,False
2015,Al Jefferson,Lance Stephenson,Tony Allen,Tayshaun Prince,Lance Stephenson,False,False
2015,Evan Turner,Tyler Zeller,Rajon Rondo,Nikola Vucevic,Tyler Zeller,False,False
2015,Tristan Thompson,Tristan Thompson,Troy Daniels,Rudy Gobert,Tristan Thompson,True,True
2015,Mike Conley,Mike Conley,Tyrus Thomas,Quincy Pondexter,Mike Conley,True,True
2015,Nik Stauskas,Ramon Sessions,Reggie Evans,Matthew Dellavedova,Ramon Sessions,False,False
2015,Arron Afflalo,Rudy Gay,Nicolas Batum,Nikola Vucevic,Rudy Gay,False,False
2015,Jimmy Butler,Tony Snell,Taj Gibson,Will Barton,Tony Snell,False,False
2015,Kirk Hinrich,Taj Gibson,Travis Wear,Tony Snell,Taj Gibson,False,False
2015,Victor Oladipo,Victor Oladipo,Udonis Haslem,Tobias Harris,Victor Oladipo,True,True
2015,Channing Frye,Tobias Harris,Trevor Ariza,Travis Wear,Tobias Harris,False,False
2015,C.J. Watson,Lavoy Allen,Roy Hibbert,Trevor Ariza,Lavoy Allen,False,False
2015,Marcus Morris,Marcus Morris,Lester Hudson,Norris Cole,Marcus Morris,True,True
2015,Alexis Ajinca,Tarik Black,Mike Miller,Pablo Prigioni,Tarik Black,False,False
2015,Kirk Hinrich,Tony Snell,Travis Wear,Nikola Mirotic,Tony Snell,False,False
2015,Omer Asik,Omer Asik,Rodney Stuckey,Mike Conley,Omer Asik,True,True
2015,Patty Mills,Patty Mills,Ramon Sessions,Tony Parker,Patty Mills,True,True
2015,Vince Carter,Vince Carter,Tony Allen,Udonis Haslem,Vince Carter,True,True
2015,Derrick Favors,Rodney Hood,Joe Ingles,Trevor Ariza,Rodney Hood,False,False
2015,Nikola Pekovic,Nikola Pekovic,Lorenzo Brown,Ricky Rubio,Nikola Pekovic,True,True
2015,Kevin Seraphin,Ramon Sessions,Rasual Butler,Rodney Hood,Ramon Sessions,False,False
2015,Gary Harris,Timofey Mozgov,Jeffery Taylor,Jordan Farmar,Timofey Mozgov,False,False
2015,Tyler Ennis,Tyler Ennis,Jorge Gutierrez,Travis Wear,Tyler Ennis,True,True
2015,Roy Hibbert,Roy Hibbert,Shabazz Napier,Zoran Dragic,Roy Hibbert,True,True
2015,Josh Smith,Josh Smith,Luol Deng,Reggie Jackson,Josh Smith,True,True
2015,Gordon Hayward,Gordon Hayward,Isaiah Thomas,Kyle Lowry,Gordon Hayward,True,True
2015,Marcin Gortat,Rasual Butler,Ramon Sessions,Will Bynum,Rasual Butler,False,False
2015,Rasual Butler,Rasual Butler,Will Bynum,Martell Webster,Rasual Butler,True,True
2015,Draymond Green,Stephen Curry,Russell Westbrook,Luol Deng,Stephen Curry,False,False
2015,Derrick Williams,Ray McCallum,Derrick Williams,Isaiah Thomas,Ray McCallum,False,True
2015,Tyler Hansbrough,Tyler Hansbrough,Travis Wear,Tony Allen,Tyler Hansbrough,True,True
2015,Tim Hardaway,Tim Hardaway,Klay Thompson,Quincy Acy,Tim Hardaway,True,True
2015,Ish Smith,Terrence Jones,Tony Allen,Joey Dorsey,Terrence Jones,False,False
2015,Nerlens Noel,Nerlens Noel,Quincy Pondexter,John Salmons,Nerlens Noel,True,True
2015,Andre Miller,Tayshaun Prince,Tony Allen,Tobias Harris,Tayshaun Prince,False,False
2015,Nene Hilario,Nene Hilario,Ramon Sessions,Otto Porter,Nene Hilario,True,True
2015,Khris Middleton,Khris Middleton,Kostas Papanikolaou,Michael Carter-Williams,Khris Middleton,True,True
2015,Joe Johnson,Joe Johnson,Josh Smith,Rudy Gobert,Joe Johnson,True,True
2015,Bradley Beal,Rasual Butler,Tiago Splitter,Paul Pierce,Rasual Butler,False,False
2015,Victor Oladipo,Victor Oladipo,Udonis Haslem,Tobias Harris,Victor Oladipo,True,True
2015,Andre Drummond,Tayshaun Prince,Thaddeus Young,Spencer Dinwiddie,Tayshaun Prince,False,False
2015,Kostas Papanikolaou,Kostas Papanikolaou,Shabazz Napier,Michael Beasley,Kostas Papanikolaou,True,True
2015,Michael Kidd-Gilchrist,Michael Kidd-Gilchrist,Mo Williams,Lance Stephenson,Michael Kidd-Gilchrist,True,True
2015,Patrick Patterson,Patrick Patterson,Reggie Jackson,Lou Williams,Patrick Patterson,True,True
2015,Marvin Williams,Marvin Williams,Lance Stephenson,Kemba Walker,Marvin Williams,True,True
2015,Chandler Parsons,Rajon Rondo,J.J. Barea,Trevor Ariza,Rajon Rondo,False,False
2015,Tim Hardaway,Tim Hardaway,Terrence Jones,Quincy Acy,Tim Hardaway,True,True
2015,Nicolas Batum,Nicolas Batum,LaMarcus Aldridge,Robin Lopez,Nicolas Batum,True,True
2015,James Young,James Young,Jeff Green,Phil Pressey,James Young,True,True
2015,Tony Allen,Tony Allen,Tayshaun Prince,Mike Conley,Tony Allen,True,True
2015,Klay Thompson,Wilson Chandler,Serge Ibaka,Tony Parker,Wilson Chandler,False,False
2015,Jeremy Lin,Ryan Kelly,Travis Wear,Tony Allen,Ryan Kelly,False,False
2015,Jordan Hill,Travis Wear,Tony Allen,Ryan Kelly,Travis Wear,False,False
2015,Khris Middleton,Khris Middleton,Quincy Pondexter,Kyle Singler,Khris Middleton,True,True
2015,Austin Rivers,Jrue Holiday,Rodney Stuckey,John Salmons,Jrue Holiday,False,False
2015,Paul Millsap,Paul Millsap,Mike Scott,Kyle Korver,Paul Millsap,True,True
2015,James Jones,Matthew Dellavedova,Tayshaun Prince,Terrence Jones,Matthew Dellavedova,False,False
2015,Luol Deng,Luol Deng,Norris Cole,Reggie Jackson,Luol Deng,True,True
2015,Al Horford,Thabo Sefolosha,Mike Scott,Tyler Zeller,Thabo Sefolosha,False,False
2015,Stephen Curry,Stephen Curry,Leandro Barbosa,Russell Westbrook,Stephen Curry,True,True
2015,Tony Allen,Tony Allen,Tayshaun Prince,Will Bynum,Tony Allen,True,True
2015,Kent Bazemore,Thabo Sefolosha,Mike Scott,Tyler Zeller,Thabo Sefolosha,False,False
2015,Tim Duncan,Tim Duncan,Matt Barnes,Tiago Splitter,Tim Duncan,True,True
2015,Marc Gasol,Wilson Chandler,Luol Deng,Marc Gasol,Wilson Chandler,False,True
2015,Harrison Barnes,Leandro Barbosa,Tony Parker,Nicolas Batum,Leandro Barbosa,False,False
2015,Ty Lawson,Ty Lawson,Nik Stauskas,Rudy Gobert,Ty Lawson,True,True
2015,Patrick Beverley,Patrick Beverley,Mike Conley,Ronny Turiaf,Patrick Beverley,True,True
2015,Wilson Chandler,Wilson Chandler,Will Cherry,Willie Green,Wilson Chandler,True,True
2015,Tyson Chandler,Tyson Chandler,Travis Wear,Tobias Harris,Tyson Chandler,True,True
2015,Elfrid Payton,Isaiah Thomas,Elfrid Payton,Evan Fournier,Isaiah Thomas,False,True
2015,T.J. McConnell,Luc Mbah a Moute,Tony Allen,Travis Wear,Luc Mbah a Moute,False,False
2015,Tony Parker,Tony Parker,Tiago Splitter,Rodney Stuckey,Tony Parker,True,True
2015,Aron Baynes,Tayshaun Prince,Reggie Jackson,Tyson Chandler,Tayshaun Prince,False,False
2015,Allen Crabbe,Tony Parker,Patty Mills,T.J. Warren,Tony Parker,False,False
2015,Kevin Durant,Sergey Karasev,Mike Muscala,Nick Collison,Sergey Karasev,False,False
2015,Devin Booker,Tayshaun Prince,Travis Wear,Tony Allen,Tayshaun Prince,False,False
2015,Thomas Robinson,Thomas Robinson,Thaddeus Young,Kevin Garnett,Thomas Robinson,True,True
2015,Shabazz Muhammad,Shabazz Muhammad,Robbie Hummel,Shabazz Napier,Shabazz Muhammad,True,True
2015,Nerlens Noel,Nerlens Noel,Joey Dorsey,Wilson Chandler,Nerlens Noel,True,True
2015,Norris Cole,Norris Cole,Jannero Pargo,Martell Webster,Norris Cole,True,True
2015,Nene Hilario,Nene Hilario,Rasual Butler,Otto Porter,Nene Hilario,True,True
2015,P.J. Tucker,P.J. Tucker,Marcus Morris,Wilson Chandler,P.J. Tucker,True,True
2015,Klay Thompson,Wilson Chandler,Serge Ibaka,Tony Parker,Wilson Chandler,False,False
2015,C.J. Miles,Omer Asik,Serge Ibaka,Rodney Stuckey,Omer Asik,False,False
2015,LaMarcus Aldridge,Tim Duncan,Marco Belinelli,Luis Scola,Tim Duncan,False,False
2015,Charlie Villanueva,Travis Wear,Tyrus Thomas,Rajon Rondo,Travis Wear,False,False
2015,Andrew Bogut,Miles Plumlee,Nicolas Batum,Leandro Barbosa,Miles Plumlee,False,False
2015,Ian Mahinmi,Ian Mahinmi,Jusuf Nurkic,Tiago Splitter,Ian Mahinmi,True,True
2015,Boris Diaw,Tim Duncan,Tiago Splitter,Tony Parker,Tim Duncan,False,False
2015,Bradley Beal,Rasual Butler,Paul Pierce,Tiago Splitter,Rasual Butler,False,False
2015,Kosta Koufos,Ramon Sessions,Terrence Jones,Tobias Harris,Ramon Sessions,False,False
2015,Joe Ingles,Joe Ingles,Jeremy Evans,Jonas Valanciunas,Joe Ingles,True,True
2015,Damian Lillard,Wilson Chandler,Isaiah Thomas,Tony Parker,Wilson Chandler,False,False
2015,Jonas Valanciunas,Jonas Valanciunas,Lou Williams,Kyle Lowry,Jonas Valanciunas,True,True
2015,Leandro Barbosa,Leandro Barbosa,Shaun Livingston,Tony Parker,Leandro Barbosa,True,True
2015,Joakim Noah,Tony Snell,Travis Wear,Matthew Dellavedova,Tony Snell,False,False
2015,Josh Smith,Josh Smith,Kyle Lowry,Marc Gasol,Josh Smith,True,True
2015,Jarrett Jack,Jarrett Jack,Omer Asik,Kenneth Faried,Jarrett Jack,True,True
2015,Paul Pierce,Jrue Holiday,Lance Thomas,Justin Holiday,Jrue Holiday,False,False
2015,Ricky Rubio,Ricky Rubio,Nikola Pekovic,Ronnie Price,Ricky Rubio,True,True
2015,Elfrid Payton,Elfrid Payton,Isaiah Thomas,Nikola Vucevic,Elfrid Payton,True,True
2015,Gerald Green,Tony Allen,Tayshaun Prince,Travis Wear,Tony Allen,False,False
2015,Shane Larkin,Shane Larkin,Kevin Garnett,Markel Brown,Shane Larkin,True,True
2015,J.J. Barea,J.J. Barea,JaKarr Sampson,Jae Crowder,J.J. Barea,True,True
2015,Dion Waiters,Thomas Robinson,Serge Ibaka,Russell Westbrook,Thomas Robinson,False,False
2015,Jordan Clarkson,Ryan Kelly,James Harden,Ronnie Price,Ryan Kelly,False,False
2015,Jonas Valanciunas,Jonas Valanciunas,Quincy Pondexter,Lou Williams,Jonas Valanciunas,True,True
2015,P.J. Tucker,P.J. Tucker,Norris Cole,Wilson Chandler,P.J. Tucker,True,True
2015,Anthony Brown,Ryan Kelly,Russ Smith,Reggie Williams,Ryan Kelly,False,False
2015,Tristan Thompson,Tristan Thompson,Troy Daniels,Marc Gasol,Tristan Thompson,True,True
2015,Damian Lillard,Isaiah Thomas,J.J. Redick,Jamal Crawford,Isaiah Thomas,False,False
2015,Derrick Williams,Isaiah Thomas,Jared Sullinger,Langston Galloway,Isaiah Thomas,False,False
2015,Kendrick Perkins,Jrue Holiday,Kelly Olynyk,Serge Ibaka,Jrue Holiday,False,False
2015,Carl Landry,Trevor Ariza,Tim Frazier,Tony Allen,Trevor Ariza,False,False
2015,Tyus Jones,Luc Mbah a Moute,Joey Dorsey,Nikola Pekovic,Luc Mbah a Moute,False,False
2015,Greg Monroe,Jameer Nelson,Isaiah Thomas,Quincy Pondexter,Jameer Nelson,False,False
2015,Kevin Durant,Sergey Karasev,Mike Muscala,Ricky Rubio,Sergey Karasev,False,False
2015,Joe Johnson,Wilson Chandler,Marc Gasol,Joe Johnson,Wilson Chandler,False,True
2015,Dwight Howard,Patrick Beverley,Travis Wear,Joey Dorsey,Patrick Beverley,False,False
2015,Derrick Favors,Joe Ingles,Jonas Valanciunas,Rodney Hood,Joe Ingles,False,False
2015,Gerald Henderson,Isaiah Thomas,Robin Lopez,J.J. Redick,Isaiah Thomas,False,False
2015,Arron Afflalo,Rudy Gay,Tony Allen,Nikola Vucevic,Rudy Gay,False,False
2015,Chris Bosh,Jamal Crawford,Tony Allen,Tayshaun Prince,Jamal Crawford,False,False
2015,Lavoy Allen,Tyson Chandler,Lou Amundson,Rajon Rondo,Tyson Chandler,False,False
2015,Taj Gibson,Taj Gibson,Mike Dunleavy,Nikola Mirotic,Taj Gibson,True,True
2015,Tristan Thompson,Tristan Thompson,Troy Daniels,Marc Gasol,Tristan Thompson,True,True
2015,J.R. Smith,Matthew Dellavedova,Tobias Harris,Tony Allen,Matthew Dellavedova,False,False
2015,George Hill,Rodney Stuckey,Perry Jones,Serge Ibaka,Rodney Stuckey,False,False
2015,Tiago Splitter,Thabo Sefolosha,Tiago Splitter,Tyler Zeller,Thabo Sefolosha,False,True
2015,Tyler Zeller,Tyler Zeller,Tony Snell,Jared Sullinger,Tyler Zeller,True,True
2015,Carmelo Anthony,Tayshaun Prince,Quincy Acy,Tony Allen,Tayshaun Prince,False,False
2015,DeMar DeRozan,Terrence Ross,Tobias Harris,Tiago Splitter,Terrence Ross,False,False
2015,Terrence Ross,Terrence Ross,Tayshaun Prince,Jonas Valanciunas,Terrence Ross,True,True
2015,DeMar DeRozan,Terrence Ross,Jonas Valanciunas,Taj Gibson,Terrence Ross,False,False
2015,Bojan Bogdanovic,Quincy Acy,Tony Snell,Travis Wear,Quincy Acy,False,False
2015,Kyle Korver,Mike Scott,Marcus Smart,Rajon Rondo,Mike Scott,False,False
2015,Mirza Teletovic,Pablo Prigioni,Mirza Teletovic,Mike Miller,Pablo Prigioni,False,True
2015,Brandon Bass,Reggie Williams,Tony Allen,Ryan Kelly,Reggie Williams,False,False
2015,Lance Thomas,Lance Stephenson,Lance Thomas,Langston Galloway,Lance Stephenson,False,True
2015,John Wall,Rasual Butler,Gordon Hayward,Paul Pierce,Rasual Butler,False,False
2015,Allen Crabbe,Tony Parker,Meyers Leonard,T.J. Warren,Tony Parker,False,False
2015,Hollis Thompson,Robert Covington,Luc Mbah a Moute,Trevor Ariza,Robert Covington,False,False
2015,Matt Barnes,Matt Barnes,Lester Hudson,Marc Gasol,Matt Barnes,True,True
2015,Solomon Hill,Solomon Hill,Klay Thompson,Wilson Chandler,Solomon Hill,True,True
2015,Luc Mbah a Moute,Lester Hudson,Lucas Nogueira,Marc Gasol,Lester Hudson,False,False
2015,Wesley Johnson,Wesley Johnson,Udonis Haslem,Spencer Hawes,Wesley Johnson,True,True
2015,Josh Richardson,Travis Wear,Toure' Murry,Tony Allen,Travis Wear,False,False
2015,Bradley Beal,Rasual Butler,Paul Pierce,Tiago Splitter,Rasual Butler,False,False
2015,Tristan Thompson,Tristan Thompson,Troy Daniels,Rudy Gobert,Tristan Thompson,True,True
2015,Nene Hilario,Nene Hilario,Rasual Butler,Otto Porter,Nene Hilario,True,True
2015,Dwyane Wade,Trevor Ariza,Tayshaun Prince,Tony Allen,Trevor Ariza,False,False
2015,Spencer Hawes,Marvin Williams,Michael Kidd-Gilchrist,Serge Ibaka,Marvin Williams,False,False
2015,James Harden,Trevor Ariza,Kyrie Irving,Monta Ellis,Trevor Ariza,False,False
2015,Damian Lillard,Wilson Chandler,Isaiah Thomas,Tony Parker,Wilson Chandler,False,False
2015,Gerald Henderson,Meyers Leonard,J.J. Redick,Nicolas Batum,Meyers Leonard,False,False
2015,Nikola Vucevic,Wilson Chandler,Tobias Harris,Nikola Vucevic,Wilson Chandler,False,True
2015,Pau Gasol,Pau Gasol,Nikola Mirotic,Wilson Chandler,Pau Gasol,True,True
2015,Pau Gasol,Pau Gasol,Nikola Mirotic,Taj Gibson,Pau Gasol,True,True
2015,Dwyane Wade,Tony Allen,Tayshaun Prince,Travis Wear,Tony Allen,False,False
2015,R.J. Hunter,Tyler Zeller,Quincy Acy,Travis Wear,Tyler Zeller,False,False
2015,Kevin Love,Matthew Dellavedova,Tobias Harris,Patrick Patterson,Matthew Dellavedova,False,False
2015,Frank Kaminsky,Trevor Ariza,Travis Wear,Quincy Acy,Trevor Ariza,False,False
2015,Monta Ellis,Trevor Ariza,Mario Chalmers,Monta Ellis,Trevor Ariza,False,True
2015,Nemanja Bjelica,Luc Mbah a Moute,Travis Wear,Thaddeus Young,Luc Mbah a Moute,False,False
2015,Donald Sloan,Tony Snell,Travis Wear,Kevin Garnett,Tony Snell,False,False
2015,Jonas Valanciunas,Jonas Valanciunas,Lou Williams,Kyle Lowry,Jonas Valanciunas,True,True
2015,Devin Harris,Norris Cole,Trevor Ariza,Rajon Rondo,Norris Cole,False,False
2015,Ish Smith,Omer Asik,Terrence Jones,Toney Douglas,Omer Asik,False,False
2015,Wayne Ellington,Wayne Ellington,Travis Wear,Tayshaun Prince,Wayne Ellington,True,True
